filename,mood,bpm
A Song For Mama_0.wav,Romance,75.99954044117646
A Song For Mama_1.wav,Romance,75.99954044117646
A Song For Mama_2.wav,Romance,75.99954044117646
A Song For Mama_3.wav,Romance,75.99954044117646
A Song For Mama_4.wav,Romance,75.99954044117646
A Song For Mama_5.wav,Romance,75.99954044117646
A Song For Mama_6.wav,Romance,75.99954044117646
A Song For Mama_7.wav,Romance,75.99954044117646
A Song For Mama_8.wav,Romance,75.99954044117646
All My Life_0.wav,Romance,129.19921875
All My Life_1.wav,Romance,129.19921875
All My Life_2.wav,Romance,129.19921875
All My Life_3.wav,Romance,129.19921875
All My Life_4.wav,Romance,64.599609375
All My Life_5.wav,Romance,64.599609375
All My Life_6.wav,Romance,64.599609375
All Out Of Love_0.wav,Romance,107.666015625
All Out Of Love_1.wav,Romance,107.666015625
All Out Of Love_2.wav,Romance,112.34714673913044
All Out Of Love_3.wav,Romance,107.666015625
All Out Of Love_4.wav,Romance,112.34714673913044
All Out Of Love_5.wav,Romance,107.666015625
All Out Of Love_6.wav,Romance,112.34714673913044
All of Me_0.wav,Romance,86.1328125
All of Me_1.wav,Romance,83.35433467741936
All of Me_2.wav,Romance,83.35433467741936
All of Me_3.wav,Romance,83.35433467741936
All of Me_4.wav,Romance,83.35433467741936
All of Me_5.wav,Romance,123.046875
All of Me_6.wav,Romance,63.02400914634146
All of Me_7.wav,Romance,129.19921875
All of Me_8.wav,Romance,63.02400914634146
Another Love_0.wav,Romance,117.45383522727273
Another Love_1.wav,Romance,117.45383522727273
Another Love_2.wav,Romance,78.30255681818181
Another Love_3.wav,Romance,123.046875
Another Love_4.wav,Romance,123.046875
Another Love_5.wav,Romance,123.046875
Another Love_6.wav,Romance,123.046875
Because Of You_0.wav,Romance,69.83741554054055
Because Of You_1.wav,Romance,69.83741554054055
Because Of You_2.wav,Romance,69.83741554054055
Because Of You_3.wav,Romance,69.83741554054055
Because Of You_4.wav,Romance,69.83741554054055
Because Of You_5.wav,Romance,69.83741554054055
Because Of You_6.wav,Romance,69.83741554054055
Dream Weaver_0.wav,Romance,151.99908088235293
Dream Weaver_1.wav,Romance,123.046875
Dream Weaver_2.wav,Romance,69.83741554054055
Dream Weaver_3.wav,Romance,69.83741554054055
Dream Weaver_4.wav,Romance,143.5546875
Dream Weaver_5.wav,Romance,69.83741554054055
Dream Weaver_6.wav,Romance,71.77734375
Dream Weaver_7.wav,Romance,129.19921875
Easy Lover_0.wav,Romance,129.19921875
Easy Lover_1.wav,Romance,129.19921875
Easy Lover_2.wav,Romance,129.19921875
Easy Lover_3.wav,Romance,129.19921875
Easy Lover_4.wav,Romance,129.19921875
Easy Lover_5.wav,Romance,129.19921875
Easy Lover_6.wav,Romance,129.19921875
Easy Lover_7.wav,Romance,129.19921875
Easy Lover_8.wav,Romance,129.19921875
Easy On Me_0.wav,Romance,161.4990234375
Easy On Me_1.wav,Romance,103.359375
Easy On Me_2.wav,Romance,95.703125
Easy On Me_3.wav,Romance,95.703125
Easy On Me_4.wav,Romance,71.77734375
Easy On Me_5.wav,Romance,95.703125
Easy On Me_6.wav,Romance,71.77734375
Easy On Me_7.wav,Romance,95.703125
Easy On Me_8.wav,Romance,71.77734375
Face Down_0.wav,Romance,95.703125
Face Down_1.wav,Romance,95.703125
Face Down_2.wav,Romance,129.19921875
Face Down_3.wav,Romance,64.599609375
Face Down_4.wav,Romance,99.38401442307692
Face Down_5.wav,Romance,95.703125
Face Down_6.wav,Romance,95.703125
Face Down_7.wav,Romance,95.703125
For You I Will_0.wav,Romance,61.5234375
For You I Will_1.wav,Romance,61.5234375
For You I Will_2.wav,Romance,61.5234375
For You I Will_3.wav,Romance,61.5234375
For You I Will_4.wav,Romance,61.5234375
For You I Will_5.wav,Romance,61.5234375
For You I Will_6.wav,Romance,61.5234375
For You I Will_7.wav,Romance,61.5234375
For You I Will_8.wav,Romance,61.5234375
Give Me You_0.wav,Romance,99.38401442307692
Give Me You_1.wav,Romance,54.978390957446805
Give Me You_2.wav,Romance,54.978390957446805
Give Me You_3.wav,Romance,54.978390957446805
Give Me You_4.wav,Romance,54.978390957446805
Give Me You_5.wav,Romance,54.978390957446805
Give Me You_6.wav,Romance,54.978390957446805
Give Me You_7.wav,Romance,112.34714673913044
Give Me You_8.wav,Romance,54.978390957446805
Glory of Love_0.wav,Romance,143.5546875
Glory of Love_1.wav,Romance,143.5546875
Glory of Love_2.wav,Romance,71.77734375
Glory of Love_3.wav,Romance,71.77734375
Glory of Love_4.wav,Romance,71.77734375
Glory of Love_5.wav,Romance,71.77734375
Glory of Love_6.wav,Romance,71.77734375
Glory of Love_7.wav,Romance,71.77734375
Heart to Heart_0.wav,Romance,161.4990234375
Heart to Heart_1.wav,Romance,83.35433467741936
Heart to Heart_2.wav,Romance,83.35433467741936
Heart to Heart_3.wav,Romance,80.74951171875
Heart to Heart_4.wav,Romance,83.35433467741936
Heart to Heart_5.wav,Romance,80.74951171875
Heart to Heart_6.wav,Romance,161.4990234375
Heart to Heart_7.wav,Romance,80.74951171875
Heart to Heart_8.wav,Romance,80.74951171875
Heart to Heart_9.wav,Romance,161.4990234375
Hold On_0.wav,Romance,172.265625
Hold On_1.wav,Romance,161.4990234375
Hold On_10.wav,Romance,161.4990234375
Hold On_11.wav,Romance,161.4990234375
Hold On_2.wav,Romance,161.4990234375
Hold On_3.wav,Romance,161.4990234375
Hold On_4.wav,Romance,161.4990234375
Hold On_5.wav,Romance,161.4990234375
Hold On_6.wav,Romance,161.4990234375
Hold On_7.wav,Romance,161.4990234375
Hold On_8.wav,Romance,161.4990234375
Hold On_9.wav,Romance,161.4990234375
I Drink Wine_0.wav,Romance,57.421875
I Drink Wine_1.wav,Romance,112.34714673913044
I Drink Wine_10.wav,Romance,172.265625
I Drink Wine_11.wav,Romance,172.265625
I Drink Wine_2.wav,Romance,57.421875
I Drink Wine_3.wav,Romance,117.45383522727273
I Drink Wine_4.wav,Romance,117.45383522727273
I Drink Wine_5.wav,Romance,57.421875
I Drink Wine_6.wav,Romance,117.45383522727273
I Drink Wine_7.wav,Romance,172.265625
I Drink Wine_8.wav,Romance,117.45383522727273
I Drink Wine_9.wav,Romance,117.45383522727273
I Love Me Some Him_0.wav,Romance,64.599609375
I Love Me Some Him_1.wav,Romance,64.599609375
I Love Me Some Him_2.wav,Romance,64.599609375
I Love Me Some Him_3.wav,Romance,129.19921875
I Love Me Some Him_4.wav,Romance,64.599609375
I Love Me Some Him_5.wav,Romance,64.599609375
I Love Me Some Him_6.wav,Romance,129.19921875
I Love Me Some Him_7.wav,Romance,129.19921875
I Love Me Some Him_8.wav,Romance,64.599609375
I Will Make Love To You_0.wav,Romance,143.5546875
I Will Make Love To You_1.wav,Romance,47.8515625
I Will Make Love To You_2.wav,Romance,47.8515625
I Will Make Love To You_3.wav,Romance,47.8515625
I Will Make Love To You_4.wav,Romance,47.8515625
I Will Make Love To You_5.wav,Romance,143.5546875
I Will Make Love To You_6.wav,Romance,143.5546875
I Will Make Love To You_7.wav,Romance,135.99917763157896
If You Leave Me Now_0.wav,Romance,103.359375
If You Leave Me Now_1.wav,Romance,103.359375
If You Leave Me Now_2.wav,Romance,103.359375
If You Leave Me Now_3.wav,Romance,103.359375
If You Leave Me Now_4.wav,Romance,107.666015625
If You Leave Me Now_5.wav,Romance,107.666015625
If You Leave Me Now_6.wav,Romance,107.666015625
If You Love Me_0.wav,Romance,95.703125
If You Love Me_1.wav,Romance,184.5703125
If You Love Me_2.wav,Romance,95.703125
If You Love Me_3.wav,Romance,95.703125
If You Love Me_4.wav,Romance,95.703125
If You Love Me_5.wav,Romance,184.5703125
If You Love Me_6.wav,Romance,92.28515625
If You_0.wav,Romance,99.38401442307692
If You_1.wav,Romance,99.38401442307692
If You_2.wav,Romance,99.38401442307692
If You_3.wav,Romance,49.69200721153846
If You_4.wav,Romance,99.38401442307692
If You_5.wav,Romance,49.69200721153846
If You_6.wav,Romance,198.76802884615384
Is This Love_0.wav,Romance,89.10290948275862
Is This Love_1.wav,Romance,89.10290948275862
Is This Love_2.wav,Romance,89.10290948275862
Is This Love_3.wav,Romance,89.10290948275862
Is This Love_4.wav,Romance,89.10290948275862
Is This Love_5.wav,Romance,89.10290948275862
Is This Love_6.wav,Romance,89.10290948275862
Is This Love_7.wav,Romance,92.28515625
Is This Love_8.wav,Romance,89.10290948275862
Lay Me Down_0.wav,Romance,234.90767045454547
Lay Me Down_1.wav,Romance,26.100852272727273
Lay Me Down_2.wav,Romance,41.67716733870968
Lay Me Down_3.wav,Romance,117.45383522727273
Lay Me Down_4.wav,Romance,123.046875
Lay Me Down_5.wav,Romance,117.45383522727273
Lay Me Down_6.wav,Romance,123.046875
Love Is the Answer_0.wav,Romance,99.38401442307692
Love Is the Answer_1.wav,Romance,103.359375
Love Is the Answer_2.wav,Romance,99.38401442307692
Love Is the Answer_3.wav,Romance,99.38401442307692
Love Is the Answer_4.wav,Romance,99.38401442307692
Love Is the Answer_5.wav,Romance,99.38401442307692
Love Is the Answer_6.wav,Romance,103.359375
Love Is the Answer_7.wav,Romance,99.38401442307692
Love Me Now_0.wav,Romance,161.4990234375
Love Me Now_1.wav,Romance,99.38401442307692
Love Me Now_2.wav,Romance,99.38401442307692
Love Me Now_3.wav,Romance,99.38401442307692
Love Me Now_4.wav,Romance,99.38401442307692
Love Me Now_5.wav,Romance,123.046875
Love Me Now_6.wav,Romance,63.02400914634146
Love On The Brain_0.wav,Romance,172.265625
Love On The Brain_1.wav,Romance,86.1328125
Love On The Brain_2.wav,Romance,172.265625
Love On The Brain_3.wav,Romance,86.1328125
Love On The Brain_4.wav,Romance,172.265625
Love On The Brain_5.wav,Romance,172.265625
Love On The Brain_6.wav,Romance,172.265625
Making Love Out Of Nothing At All_0.wav,Romance,69.83741554054055
Making Love Out Of Nothing At All_1.wav,Romance,135.99917763157896
Making Love Out Of Nothing At All_2.wav,Romance,135.99917763157896
Making Love Out Of Nothing At All_3.wav,Romance,135.99917763157896
Making Love Out Of Nothing At All_4.wav,Romance,67.99958881578948
Making Love Out Of Nothing At All_5.wav,Romance,69.83741554054055
Making Love Out Of Nothing At All_6.wav,Romance,71.77734375
Making Love Out Of Nothing At All_7.wav,Romance,69.83741554054055
Making Love Out Of Nothing At All_8.wav,Romance,143.5546875
Marry You_0.wav,Romance,143.5546875
Marry You_1.wav,Romance,95.703125
Marry You_2.wav,Romance,71.77734375
Marry You_3.wav,Romance,143.5546875
Marry You_4.wav,Romance,71.77734375
Marry You_5.wav,Romance,71.77734375
Marry You_6.wav,Romance,143.5546875
Missing You_0.wav,Romance,103.359375
Missing You_1.wav,Romance,103.359375
Missing You_2.wav,Romance,103.359375
Missing You_3.wav,Romance,103.359375
Missing You_4.wav,Romance,103.359375
Missing You_5.wav,Romance,103.359375
Missing You_6.wav,Romance,103.359375
Missing You_7.wav,Romance,103.359375
More Than Words_0.wav,Romance,184.5703125
More Than Words_1.wav,Romance,92.28515625
More Than Words_2.wav,Romance,184.5703125
More Than Words_3.wav,Romance,92.28515625
More Than Words_4.wav,Romance,184.5703125
More Than Words_5.wav,Romance,92.28515625
More Than Words_6.wav,Romance,92.28515625
More Than Words_7.wav,Romance,92.28515625
More Than a Feeling_0.wav,Romance,107.666015625
More Than a Feeling_1.wav,Romance,112.34714673913044
More Than a Feeling_2.wav,Romance,107.666015625
More Than a Feeling_3.wav,Romance,112.34714673913044
More Than a Feeling_4.wav,Romance,107.666015625
More Than a Feeling_5.wav,Romance,107.666015625
More Than a Feeling_6.wav,Romance,107.666015625
More Than a Feeling_7.wav,Romance,107.666015625
My Little Secret_0.wav,Romance,64.599609375
My Little Secret_1.wav,Romance,64.599609375
My Little Secret_2.wav,Romance,64.599609375
My Little Secret_3.wav,Romance,64.599609375
My Little Secret_4.wav,Romance,64.599609375
My Little Secret_5.wav,Romance,64.599609375
My Little Secret_6.wav,Romance,66.25600961538461
My Little Secret_7.wav,Romance,64.599609375
My Type_0.wav,Romance,103.359375
My Type_1.wav,Romance,103.359375
My Type_2.wav,Romance,103.359375
My Type_3.wav,Romance,103.359375
My Type_4.wav,Romance,103.359375
Need You Now_0.wav,Romance,107.666015625
Need You Now_1.wav,Romance,107.666015625
Need You Now_2.wav,Romance,107.666015625
Need You Now_3.wav,Romance,107.666015625
Need You Now_4.wav,Romance,107.666015625
Need You Now_5.wav,Romance,107.666015625
Need You Now_6.wav,Romance,107.666015625
Need You Now_7.wav,Romance,107.666015625
Nice and Slow_0.wav,Romance,123.046875
Nice and Slow_1.wav,Romance,123.046875
Nice and Slow_2.wav,Romance,123.046875
Nice and Slow_3.wav,Romance,123.046875
Nice and Slow_4.wav,Romance,123.046875
Nice and Slow_5.wav,Romance,123.046875
Nice and Slow_6.wav,Romance,123.046875
Nights Are Forever Without You_0.wav,Romance,161.4990234375
Nights Are Forever Without You_1.wav,Romance,83.35433467741936
Nights Are Forever Without You_2.wav,Romance,83.35433467741936
Nights Are Forever Without You_3.wav,Romance,86.1328125
Nights Are Forever Without You_4.wav,Romance,172.265625
One More Night_0.wav,Romance,67.99958881578948
One More Night_1.wav,Romance,67.99958881578948
One More Night_2.wav,Romance,67.99958881578948
One More Night_3.wav,Romance,67.99958881578948
One More Night_4.wav,Romance,67.99958881578948
One More Night_5.wav,Romance,67.99958881578948
One More Night_6.wav,Romance,67.99958881578948
One More Night_7.wav,Romance,89.10290948275862
One More Night_8.wav,Romance,135.99917763157896
Perfect_0.wav,Romance,95.703125
Perfect_1.wav,Romance,198.76802884615384
Perfect_2.wav,Romance,95.703125
Perfect_3.wav,Romance,95.703125
Perfect_4.wav,Romance,95.703125
Perfect_5.wav,Romance,129.19921875
Perfect_6.wav,Romance,63.02400914634146
Perfect_7.wav,Romance,123.046875
Say Love_0.wav,Romance,172.265625
Say Love_1.wav,Romance,172.265625
Say Love_2.wav,Romance,172.265625
Say Love_3.wav,Romance,172.265625
Say Love_4.wav,Romance,172.265625
Say Love_5.wav,Romance,83.35433467741936
Say Love_6.wav,Romance,86.1328125
Say Something_0.wav,Romance,46.142578125
Say Something_1.wav,Romance,46.98153409090909
Say Something_2.wav,Romance,46.98153409090909
Say Something_3.wav,Romance,46.98153409090909
Say Something_4.wav,Romance,46.98153409090909
Say Something_5.wav,Romance,46.98153409090909
Say Something_6.wav,Romance,135.99917763157896
She Twerkin_0.wav,Romance,143.5546875
She Twerkin_1.wav,Romance,143.5546875
She Twerkin_2.wav,Romance,143.5546875
She Twerkin_3.wav,Romance,143.5546875
She Twerkin_4.wav,Romance,143.5546875
So Into You_0.wav,Romance,92.28515625
So Into You_1.wav,Romance,184.5703125
So Into You_2.wav,Romance,184.5703125
So Into You_3.wav,Romance,184.5703125
So Into You_4.wav,Romance,184.5703125
So Into You_5.wav,Romance,184.5703125
So Into You_6.wav,Romance,184.5703125
Someone Like You_0.wav,Romance,135.99917763157896
Someone Like You_1.wav,Romance,135.99917763157896
Someone Like You_2.wav,Romance,135.99917763157896
Someone Like You_3.wav,Romance,135.99917763157896
Someone Like You_4.wav,Romance,135.99917763157896
Someone Like You_5.wav,Romance,135.99917763157896
Someone Like You_6.wav,Romance,89.10290948275862
Someone Like You_7.wav,Romance,67.99958881578948
Someone Like You_8.wav,Romance,67.99958881578948
Splash_0.wav,Romance,67.99958881578948
Splash_1.wav,Romance,135.99917763157896
Splash_2.wav,Romance,135.99917763157896
Splash_3.wav,Romance,135.99917763157896
Splash_4.wav,Romance,135.99917763157896
Stay With Me_0.wav,Romance,99.38401442307692
Stay With Me_1.wav,Romance,86.1328125
Stay With Me_2.wav,Romance,86.1328125
Stay With Me_3.wav,Romance,86.1328125
Stay With Me_4.wav,Romance,86.1328125
Stay With Me_5.wav,Romance,83.35433467741936
Thinking Out Loud_0.wav,Romance,83.35433467741936
Thinking Out Loud_1.wav,Romance,78.30255681818181
Thinking Out Loud_2.wav,Romance,78.30255681818181
Thinking Out Loud_3.wav,Romance,78.30255681818181
Thinking Out Loud_4.wav,Romance,78.30255681818181
Thinking Out Loud_5.wav,Romance,78.30255681818181
Thinking Out Loud_6.wav,Romance,78.30255681818181
Thinking Out Loud_7.wav,Romance,161.4990234375
Thinking Out Loud_8.wav,Romance,78.30255681818181
Visiting Hours_0.wav,Romance,99.38401442307692
Visiting Hours_1.wav,Romance,75.99954044117646
Visiting Hours_2.wav,Romance,75.99954044117646
Visiting Hours_3.wav,Romance,75.99954044117646
Visiting Hours_4.wav,Romance,73.828125
Visiting Hours_5.wav,Romance,73.828125
Visiting Hours_6.wav,Romance,75.99954044117646
Where I Wanna Be_0.wav,Romance,103.359375
Where I Wanna Be_1.wav,Romance,198.76802884615384
Where I Wanna Be_2.wav,Romance,198.76802884615384
Where I Wanna Be_3.wav,Romance,198.76802884615384
Where I Wanna Be_4.wav,Romance,198.76802884615384
Where I Wanna Be_5.wav,Romance,198.76802884615384
Where I Wanna Be_6.wav,Romance,50.666360294117645
Where I Wanna Be_7.wav,Romance,50.666360294117645
Wonderful Tonight_0.wav,Romance,95.703125
Wonderful Tonight_1.wav,Romance,95.703125
Wonderful Tonight_2.wav,Romance,95.703125
Wonderful Tonight_3.wav,Romance,95.703125
Wonderful Tonight_4.wav,Romance,95.703125
Wonderful Tonight_5.wav,Romance,95.703125
Wonderful Tonight_6.wav,Romance,95.703125
Year of the Cat_0.wav,Romance,112.34714673913044
Year of the Cat_1.wav,Romance,117.45383522727273
Year of the Cat_10.wav,Romance,117.45383522727273
Year of the Cat_11.wav,Romance,117.45383522727273
Year of the Cat_2.wav,Romance,117.45383522727273
Year of the Cat_3.wav,Romance,117.45383522727273
Year of the Cat_4.wav,Romance,117.45383522727273
Year of the Cat_5.wav,Romance,117.45383522727273
Year of the Cat_6.wav,Romance,117.45383522727273
Year of the Cat_7.wav,Romance,117.45383522727273
Year of the Cat_8.wav,Romance,117.45383522727273
Year of the Cat_9.wav,Romance,117.45383522727273
1001_0.wav,Sad,135.99917763157896
1001_1.wav,Sad,66.25600961538461
1001_2.wav,Sad,66.25600961538461
1001_3.wav,Sad,66.25600961538461
1001_4.wav,Sad,66.25600961538461
1001_5.wav,Sad,66.25600961538461
Anchor_0.wav,Sad,117.45383522727273
Anchor_1.wav,Sad,117.45383522727273
Anchor_2.wav,Sad,117.45383522727273
Anchor_3.wav,Sad,117.45383522727273
Anchor_4.wav,Sad,117.45383522727273
Anchor_5.wav,Sad,117.45383522727273
Anchor_6.wav,Sad,117.45383522727273
Anchor_7.wav,Sad,117.45383522727273
Baybe U Are Worth With It_0.wav,Sad,60.09265988372093
Baybe U Are Worth With It_1.wav,Sad,60.09265988372093
Baybe U Are Worth With It_2.wav,Sad,60.09265988372093
Baybe U Are Worth With It_3.wav,Sad,234.90767045454547
Behind the Clouds_0.wav,Sad,33.55823863636363
Behind the Clouds_1.wav,Sad,33.55823863636363
Behind the Clouds_2.wav,Sad,67.99958881578948
Behind the Clouds_3.wav,Sad,69.83741554054055
Behind the Clouds_4.wav,Sad,95.703125
Broken_0.wav,Sad,117.45383522727273
Broken_1.wav,Sad,83.35433467741936
Broken_2.wav,Sad,83.35433467741936
Broken_3.wav,Sad,83.35433467741936
Broken_4.wav,Sad,112.34714673913044
Broken_5.wav,Sad,83.35433467741936
But You Gone_0.wav,Sad,135.99917763157896
But You Gone_1.wav,Sad,135.99917763157896
But You Gone_2.wav,Sad,135.99917763157896
But You Gone_3.wav,Sad,129.19921875
But You Gone_4.wav,Sad,60.09265988372093
But You Gone_5.wav,Sad,60.09265988372093
But You Gone_6.wav,Sad,60.09265988372093
But You Gone_7.wav,Sad,60.09265988372093
Closure_0.wav,Sad,117.45383522727273
Closure_1.wav,Sad,117.45383522727273
Closure_2.wav,Sad,61.5234375
Closure_3.wav,Sad,63.02400914634146
Closure_4.wav,Sad,61.5234375
Closure_5.wav,Sad,63.02400914634146
Despise Me_0.wav,Sad,103.359375
Despise Me_1.wav,Sad,103.359375
Despise Me_2.wav,Sad,103.359375
Despise Me_3.wav,Sad,103.359375
Despise Me_4.wav,Sad,103.359375
Despise Me_5.wav,Sad,103.359375
Doing It Wrong_0.wav,Sad,8.67108850671141
Doing It Wrong_1.wav,Sad,43.79634533898305
Doing It Wrong_2.wav,Sad,54.978390957446805
Doing It Wrong_3.wav,Sad,73.828125
Doing It Wrong_4.wav,Sad,61.5234375
Doing It Wrong_5.wav,Sad,215.33203125
Doing It Wrong_6.wav,Sad,215.33203125
Doing It Wrong_7.wav,Sad,73.828125
Girl Can Get Sad_0.wav,Sad,89.10290948275862
Girl Can Get Sad_1.wav,Sad,151.99908088235293
Girl Can Get Sad_2.wav,Sad,40.374755859375
Girl Can Get Sad_3.wav,Sad,39.75360576923077
Girl Can Get Sad_4.wav,Sad,43.79634533898305
Heartbreak Anniversary_0.wav,Sad,129.19921875
Heartbreak Anniversary_1.wav,Sad,64.599609375
Heartbreak Anniversary_2.wav,Sad,64.599609375
Heartbreak Anniversary_3.wav,Sad,64.599609375
Heartbreak Anniversary_4.wav,Sad,66.25600961538461
Heartbreak Anniversary_5.wav,Sad,64.599609375
Heather_0.wav,Sad,92.28515625
Heather_1.wav,Sad,92.28515625
Heather_2.wav,Sad,92.28515625
Heather_3.wav,Sad,92.28515625
Heather_4.wav,Sad,92.28515625
Heather_5.wav,Sad,92.28515625
Hello_0.wav,Sad,172.265625
Hello_1.wav,Sad,58.72691761363637
Hello_2.wav,Sad,129.19921875
Hello_3.wav,Sad,52.734375
Hello_4.wav,Sad,52.734375
Hello_5.wav,Sad,78.30255681818181
Hello_6.wav,Sad,52.734375
Hello_7.wav,Sad,78.30255681818181
Hello_8.wav,Sad,78.30255681818181
Hello_9.wav,Sad,78.30255681818181
Hold Me_0.wav,Sad,86.1328125
Hold Me_1.wav,Sad,86.1328125
Hold Me_2.wav,Sad,86.1328125
Hold Me_3.wav,Sad,172.265625
Hold Me_4.wav,Sad,86.1328125
Hold Me_5.wav,Sad,86.1328125
Hurt The Ones I Love_0.wav,Sad,86.1328125
Hurt The Ones I Love_1.wav,Sad,161.4990234375
Hurt The Ones I Love_2.wav,Sad,172.265625
Hurt The Ones I Love_3.wav,Sad,172.265625
Hurt The Ones I Love_4.wav,Sad,172.265625
Hurt The Ones I Love_5.wav,Sad,172.265625
I miss you Im sorry_0.wav,Sad,135.99917763157896
I miss you Im sorry_1.wav,Sad,54.978390957446805
I miss you Im sorry_2.wav,Sad,54.978390957446805
I miss you Im sorry_3.wav,Sad,112.34714673913044
I miss you Im sorry_4.wav,Sad,112.34714673913044
Im Just a Ghost_0.wav,Sad,54.978390957446805
Im Just a Ghost_1.wav,Sad,54.978390957446805
Im Just a Ghost_2.wav,Sad,112.34714673913044
Im Just a Ghost_3.wav,Sad,107.666015625
Im Just a Ghost_4.wav,Sad,107.666015625
Lost Soul_0.wav,Sad,99.38401442307692
Lost Soul_1.wav,Sad,99.38401442307692
Lost Soul_2.wav,Sad,99.38401442307692
Lost Soul_3.wav,Sad,67.99958881578948
Love is gone_0.wav,Sad,135.99917763157896
Love is gone_1.wav,Sad,69.83741554054055
Love is gone_2.wav,Sad,135.99917763157896
Love is gone_3.wav,Sad,143.5546875
Love is gone_4.wav,Sad,69.83741554054055
Never Not_0.wav,Sad,33.55823863636363
Never Not_1.wav,Sad,258.3984375
Never Not_2.wav,Sad,92.28515625
Never Not_3.wav,Sad,135.99917763157896
Never Not_4.wav,Sad,89.10290948275862
Punisher_0.wav,Sad,129.19921875
Punisher_1.wav,Sad,129.19921875
Punisher_2.wav,Sad,86.1328125
Punisher_3.wav,Sad,66.25600961538461
Punisher_4.wav,Sad,135.99917763157896
Punisher_5.wav,Sad,99.38401442307692
Reason To Stay_0.wav,Sad,48.75442216981132
Reason To Stay_1.wav,Sad,99.38401442307692
Reason To Stay_2.wav,Sad,95.703125
Reason To Stay_3.wav,Sad,92.28515625
Reason To Stay_4.wav,Sad,64.599609375
Reason To Stay_5.wav,Sad,99.38401442307692
Sad_0.wav,Sad,123.046875
Sad_1.wav,Sad,75.99954044117646
Sad_2.wav,Sad,117.45383522727273
Sad_3.wav,Sad,78.30255681818181
Sad_4.wav,Sad,78.30255681818181
Sad_5.wav,Sad,60.09265988372093
Say Something_0.wav,Sad,46.98153409090909
Say Something_1.wav,Sad,46.98153409090909
Say Something_2.wav,Sad,46.98153409090909
Say Something_3.wav,Sad,46.98153409090909
Say Something_4.wav,Sad,46.98153409090909
Say Something_5.wav,Sad,46.98153409090909
Say Something_6.wav,Sad,135.99917763157896
Self Destructive_0.wav,Sad,49.69200721153846
Self Destructive_1.wav,Sad,49.69200721153846
Self Destructive_2.wav,Sad,151.99908088235293
Self Destructive_3.wav,Sad,99.38401442307692
Self Destructive_4.wav,Sad,151.99908088235293
Self Destructive_5.wav,Sad,151.99908088235293
Self Destructive_6.wav,Sad,95.703125
Tell Me_0.wav,Sad,112.34714673913044
Tell Me_1.wav,Sad,57.421875
Tell Me_2.wav,Sad,117.45383522727273
Tell Me_3.wav,Sad,57.421875
Tell Me_4.wav,Sad,57.421875
Tell Me_5.wav,Sad,117.45383522727273
Tell Me_6.wav,Sad,69.83741554054055
This City_0.wav,Sad,73.828125
This City_1.wav,Sad,73.828125
This City_2.wav,Sad,73.828125
This City_3.wav,Sad,75.99954044117646
This City_4.wav,Sad,75.99954044117646
This City_5.wav,Sad,75.99954044117646
True Love Is Violent_0.wav,Sad,123.046875
True Love Is Violent_1.wav,Sad,61.5234375
True Love Is Violent_2.wav,Sad,61.5234375
True Love Is Violent_3.wav,Sad,61.5234375
True Love Is Violent_4.wav,Sad,123.046875
True Love Is Violent_5.wav,Sad,123.046875
Wake Me Up_0.wav,Sad,184.5703125
Wake Me Up_1.wav,Sad,67.99958881578948
Wake Me Up_2.wav,Sad,66.25600961538461
Wake Me Up_3.wav,Sad,67.99958881578948
Wake Me Up_4.wav,Sad,64.599609375
Wake Me Up_5.wav,Sad,129.19921875
Wake Me Up_6.wav,Sad,66.25600961538461
Wake Me Up_7.wav,Sad,129.19921875
Wake Me Up_8.wav,Sad,129.19921875
You Dont Know_0.wav,Sad,151.99908088235293
You Dont Know_1.wav,Sad,69.83741554054055
You Dont Know_2.wav,Sad,151.99908088235293
You Dont Know_3.wav,Sad,75.99954044117646
You Dont Know_4.wav,Sad,78.30255681818181
You Dont Know_5.wav,Sad,78.30255681818181
You Dont Know_6.wav,Sad,78.30255681818181
You Dont Know_7.wav,Sad,78.30255681818181
You Dont Want Me Anymore_0.wav,Sad,92.28515625
You Dont Want Me Anymore_1.wav,Sad,95.703125
You Dont Want Me Anymore_2.wav,Sad,95.703125
You Dont Want Me Anymore_3.wav,Sad,95.703125
You Dont Want Me Anymore_4.wav,Sad,95.703125
broken parts_0.wav,Sad,53.8330078125
broken parts_1.wav,Sad,53.8330078125
broken parts_2.wav,Sad,53.8330078125
broken parts_3.wav,Sad,161.4990234375
broken parts_4.wav,Sad,75.99954044117646
happier_0.wav,Sad,56.17357336956522
happier_1.wav,Sad,161.4990234375
happier_2.wav,Sad,56.17357336956522
happier_3.wav,Sad,172.265625
happier_4.wav,Sad,172.265625
i feel empty_0.wav,Sad,123.046875
i feel empty_1.wav,Sad,117.45383522727273
i feel empty_2.wav,Sad,54.978390957446805
i feel empty_3.wav,Sad,71.77734375
i feel empty_4.wav,Sad,112.34714673913044
im sad_0.wav,Sad,117.45383522727273
im sad_1.wav,Sad,123.046875
im sad_2.wav,Sad,123.046875
im sad_3.wav,Sad,123.046875
im sad_4.wav,Sad,123.046875
im sad_5.wav,Sad,123.046875
im sad_6.wav,Sad,117.45383522727273
im sad_7.wav,Sad,123.046875
losing you_0.wav,Sad,135.99917763157896
losing you_1.wav,Sad,143.5546875
losing you_10.wav,Sad,117.45383522727273
losing you_11.wav,Sad,112.34714673913044
losing you_12.wav,Sad,135.99917763157896
losing you_13.wav,Sad,112.34714673913044
losing you_14.wav,Sad,151.99908088235293
losing you_15.wav,Sad,112.34714673913044
losing you_16.wav,Sad,103.359375
losing you_17.wav,Sad,112.34714673913044
losing you_18.wav,Sad,112.34714673913044
losing you_2.wav,Sad,69.83741554054055
losing you_3.wav,Sad,117.45383522727273
losing you_4.wav,Sad,112.34714673913044
losing you_5.wav,Sad,75.99954044117646
losing you_6.wav,Sad,234.90767045454547
losing you_7.wav,Sad,78.30255681818181
losing you_8.wav,Sad,117.45383522727273
losing you_9.wav,Sad,112.34714673913044
not your fault_0.wav,Sad,73.828125
not your fault_1.wav,Sad,75.99954044117646
not your fault_2.wav,Sad,78.30255681818181
not your fault_3.wav,Sad,30.76171875
not your fault_4.wav,Sad,75.99954044117646
not your fault_5.wav,Sad,33.12800480769231
not your fault_6.wav,Sad,184.5703125
past lives_0.wav,Sad,123.046875
past lives_1.wav,Sad,57.421875
past lives_2.wav,Sad,57.421875
past lives_3.wav,Sad,117.45383522727273
sad-song_0.wav,Sad,135.99917763157896
someone you loved_0.wav,Sad,112.34714673913044
someone you loved_1.wav,Sad,112.34714673913044
someone you loved_2.wav,Sad,112.34714673913044
someone you loved_3.wav,Sad,112.34714673913044
someone you loved_4.wav,Sad,112.34714673913044
someone you loved_5.wav,Sad,107.666015625
surrender_0.wav,Sad,151.99908088235293
surrender_1.wav,Sad,151.99908088235293
surrender_2.wav,Sad,57.421875
surrender_3.wav,Sad,57.421875
surrender_4.wav,Sad,57.421875
surrender_5.wav,Sad,57.421875
the one that got away cover_0.wav,Sad,75.99954044117646
the one that got away cover_1.wav,Sad,117.45383522727273
the one that got away cover_2.wav,Sad,78.30255681818181
the one that got away cover_3.wav,Sad,78.30255681818181
the one that got away cover_4.wav,Sad,117.45383522727273
the one that got away cover_5.wav,Sad,112.34714673913044
the one that got away cover_6.wav,Sad,112.34714673913044
you broke me first cover_0.wav,Sad,117.45383522727273
you broke me first cover_1.wav,Sad,143.5546875
you broke me first cover_2.wav,Sad,112.34714673913044
you broke me first cover_3.wav,Sad,172.265625
you broke me first cover_4.wav,Sad,117.45383522727273
A Little Respect_0.wav,Party,151.99908088235293
A Little Respect_1.wav,Party,117.45383522727273
A Little Respect_2.wav,Party,117.45383522727273
A Little Respect_3.wav,Party,117.45383522727273
A Little Respect_4.wav,Party,117.45383522727273
A Little Respect_5.wav,Party,117.45383522727273
American Boy_0.wav,Party,117.45383522727273
American Boy_1.wav,Party,117.45383522727273
American Boy_2.wav,Party,117.45383522727273
American Boy_3.wav,Party,117.45383522727273
American Boy_4.wav,Party,117.45383522727273
American Boy_5.wav,Party,117.45383522727273
American Boy_6.wav,Party,117.45383522727273
Body Like A Back Road_0.wav,Party,99.38401442307692
Body Like A Back Road_1.wav,Party,99.38401442307692
Body Like A Back Road_2.wav,Party,99.38401442307692
Body Like A Back Road_3.wav,Party,99.38401442307692
Body Like A Back Road_4.wav,Party,99.38401442307692
Broadway Girls_0.wav,Party,151.99908088235293
Broadway Girls_1.wav,Party,99.38401442307692
Broadway Girls_2.wav,Party,151.99908088235293
Broadway Girls_3.wav,Party,151.99908088235293
Broadway Girls_4.wav,Party,151.99908088235293
Champagne Night_0.wav,Party,151.99908088235293
Champagne Night_1.wav,Party,151.99908088235293
Champagne Night_2.wav,Party,151.99908088235293
Champagne Night_3.wav,Party,151.99908088235293
Champagne Night_4.wav,Party,151.99908088235293
Champagne Night_5.wav,Party,151.99908088235293
Children_0.wav,Party,135.99917763157896
Children_1.wav,Party,135.99917763157896
Children_2.wav,Party,135.99917763157896
Children_3.wav,Party,135.99917763157896
Children_4.wav,Party,135.99917763157896
Children_5.wav,Party,135.99917763157896
Children_6.wav,Party,135.99917763157896
Dirt Off Your Shoulder_0.wav,Party,161.4990234375
Dirt Off Your Shoulder_1.wav,Party,161.4990234375
Dirt Off Your Shoulder_2.wav,Party,161.4990234375
Dirt Off Your Shoulder_3.wav,Party,107.666015625
Dirt Off Your Shoulder_4.wav,Party,80.74951171875
Dirt Off Your Shoulder_5.wav,Party,89.10290948275862
Do Not Call Me Baby_0.wav,Party,123.046875
Do Not Call Me Baby_1.wav,Party,123.046875
Do Not Call Me Baby_2.wav,Party,123.046875
Do Not Call Me Baby_3.wav,Party,123.046875
Do Not Call Me Baby_4.wav,Party,123.046875
Do Not Call Me Baby_5.wav,Party,123.046875
Do Not Call Me Baby_6.wav,Party,123.046875
Foundations_0.wav,Party,83.35433467741936
Foundations_1.wav,Party,83.35433467741936
Foundations_2.wav,Party,83.35433467741936
Foundations_3.wav,Party,83.35433467741936
Foundations_4.wav,Party,83.35433467741936
Foundations_5.wav,Party,83.35433467741936
Foundations_6.wav,Party,83.35433467741936
Free_0.wav,Party,123.046875
Free_1.wav,Party,123.046875
Free_2.wav,Party,123.046875
Free_3.wav,Party,123.046875
Free_4.wav,Party,123.046875
Free_5.wav,Party,123.046875
Free_6.wav,Party,123.046875
Gin and Juice_0.wav,Party,117.45383522727273
Gin and Juice_1.wav,Party,117.45383522727273
Gin and Juice_2.wav,Party,95.703125
Gin and Juice_3.wav,Party,95.703125
Gin and Juice_4.wav,Party,92.28515625
Gin and Juice_5.wav,Party,92.28515625
Gin and Juice_6.wav,Party,92.28515625
Gin and Juice_7.wav,Party,95.703125
Girl In A Country_0.wav,Party,107.666015625
Girl In A Country_1.wav,Party,107.666015625
Girl In A Country_2.wav,Party,107.666015625
Girl In A Country_3.wav,Party,161.4990234375
Girl In A Country_4.wav,Party,161.4990234375
Girl In A Country_5.wav,Party,161.4990234375
Hard to Beat_0.wav,Party,123.046875
Hard to Beat_1.wav,Party,123.046875
Hard to Beat_2.wav,Party,123.046875
Hard to Beat_3.wav,Party,123.046875
Hard to Beat_4.wav,Party,83.35433467741936
Hard to Beat_5.wav,Party,123.046875
Heartless_0.wav,Party,86.1328125
Heartless_1.wav,Party,86.1328125
Heartless_2.wav,Party,86.1328125
Heartless_3.wav,Party,172.265625
Heartless_4.wav,Party,86.1328125
Heartless_5.wav,Party,151.99908088235293
Heartless_6.wav,Party,86.1328125
Hey Boy Hey Girl_0.wav,Party,83.35433467741936
Hey Boy Hey Girl_1.wav,Party,129.19921875
Hey Boy Hey Girl_2.wav,Party,129.19921875
Hey Boy Hey Girl_3.wav,Party,129.19921875
Hey Boy Hey Girl_4.wav,Party,129.19921875
Hey Boy Hey Girl_5.wav,Party,129.19921875
Hey Boy Hey Girl_6.wav,Party,129.19921875
Hey Boy Hey Girl_7.wav,Party,129.19921875
Hey Boy Hey Girl_8.wav,Party,129.19921875
How We Do_0.wav,Party,129.19921875
How We Do_1.wav,Party,95.703125
How We Do_2.wav,Party,48.75442216981132
How We Do_3.wav,Party,48.75442216981132
How We Do_4.wav,Party,48.75442216981132
How We Do_5.wav,Party,48.75442216981132
How We Do_6.wav,Party,48.75442216981132
How We Do_7.wav,Party,48.75442216981132
I Predict A Riot_0.wav,Party,80.74951171875
I Predict A Riot_1.wav,Party,78.30255681818181
I Predict A Riot_2.wav,Party,80.74951171875
I Predict A Riot_3.wav,Party,80.74951171875
I Predict A Riot_4.wav,Party,161.4990234375
I Predict A Riot_5.wav,Party,78.30255681818181
I Predict A Riot_6.wav,Party,80.74951171875
I Predict A Riot_7.wav,Party,80.74951171875
It All Comes Out in the Wash_0.wav,Party,161.4990234375
It All Comes Out in the Wash_1.wav,Party,161.4990234375
It All Comes Out in the Wash_2.wav,Party,161.4990234375
It All Comes Out in the Wash_3.wav,Party,161.4990234375
It All Comes Out in the Wash_4.wav,Party,161.4990234375
It All Comes Out in the Wash_5.wav,Party,161.4990234375
It Was A Good Day_0.wav,Party,161.4990234375
It Was A Good Day_1.wav,Party,83.35433467741936
It Was A Good Day_2.wav,Party,83.35433467741936
It Was A Good Day_3.wav,Party,161.4990234375
It Was A Good Day_4.wav,Party,161.4990234375
It Was A Good Day_5.wav,Party,83.35433467741936
It Was A Good Day_6.wav,Party,83.35433467741936
It Was A Good Day_7.wav,Party,161.4990234375
It Wasn't Me_0.wav,Party,95.703125
It Wasn't Me_1.wav,Party,95.703125
It Wasn't Me_2.wav,Party,95.703125
It Wasn't Me_3.wav,Party,95.703125
It Wasn't Me_4.wav,Party,95.703125
It Wasn't Me_5.wav,Party,95.703125
It Wasn't Me_6.wav,Party,95.703125
Jerk It Out_0.wav,Party,135.99917763157896
Jerk It Out_1.wav,Party,135.99917763157896
Jerk It Out_2.wav,Party,135.99917763157896
Jerk It Out_3.wav,Party,135.99917763157896
Jerk It Out_4.wav,Party,135.99917763157896
Jerk It Out_5.wav,Party,89.10290948275862
Life Is Good_0.wav,Party,107.666015625
Life Is Good_1.wav,Party,107.666015625
Life Is Good_2.wav,Party,107.666015625
Life Is Good_3.wav,Party,107.666015625
Life Is Good_4.wav,Party,95.703125
Life Is Good_5.wav,Party,95.703125
Life Is Good_6.wav,Party,95.703125
Life Is Good_7.wav,Party,95.703125
Life Is Good_8.wav,Party,95.703125
Love Is Here to Stay_0.wav,Party,129.19921875
Love Is Here to Stay_1.wav,Party,129.19921875
Love Is Here to Stay_2.wav,Party,129.19921875
Love Is Here to Stay_3.wav,Party,129.19921875
Love Is Here to Stay_4.wav,Party,129.19921875
Love Is Here to Stay_5.wav,Party,129.19921875
Mack The Knife_0.wav,Party,161.4990234375
Mack The Knife_1.wav,Party,86.1328125
Mack The Knife_2.wav,Party,86.1328125
Mack The Knife_3.wav,Party,89.10290948275862
Mack The Knife_4.wav,Party,89.10290948275862
Mack The Knife_5.wav,Party,89.10290948275862
Miss The Rage_0.wav,Party,151.99908088235293
Miss The Rage_1.wav,Party,151.99908088235293
Miss The Rage_2.wav,Party,151.99908088235293
Miss The Rage_3.wav,Party,151.99908088235293
Miss The Rage_4.wav,Party,103.359375
Miss The Rage_5.wav,Party,151.99908088235293
Mo Money Mo Problems_0.wav,Party,103.359375
Mo Money Mo Problems_1.wav,Party,103.359375
Mo Money Mo Problems_2.wav,Party,103.359375
Mo Money Mo Problems_3.wav,Party,103.359375
Mo Money Mo Problems_4.wav,Party,103.359375
Mo Money Mo Problems_5.wav,Party,103.359375
Mo Money Mo Problems_6.wav,Party,103.359375
Mo Money Mo Problems_7.wav,Party,103.359375
Mo Money Mo Problems_8.wav,Party,103.359375
Mo Money Mo Problems_9.wav,Party,103.359375
Naive_0.wav,Party,103.359375
Naive_1.wav,Party,135.99917763157896
Naive_2.wav,Party,135.99917763157896
Naive_3.wav,Party,135.99917763157896
Naive_4.wav,Party,135.99917763157896
Naive_5.wav,Party,135.99917763157896
No Diggity_0.wav,Party,89.10290948275862
No Diggity_1.wav,Party,89.10290948275862
No Diggity_2.wav,Party,89.10290948275862
No Diggity_3.wav,Party,89.10290948275862
No Diggity_4.wav,Party,89.10290948275862
No Diggity_5.wav,Party,89.10290948275862
No Diggity_6.wav,Party,89.10290948275862
No Diggity_7.wav,Party,89.10290948275862
No Tomorrow_0.wav,Party,123.046875
No Tomorrow_1.wav,Party,123.046875
No Tomorrow_2.wav,Party,123.046875
No Tomorrow_3.wav,Party,123.046875
No Tomorrow_4.wav,Party,123.046875
One Night in Heaven_0.wav,Party,123.046875
One Night in Heaven_1.wav,Party,123.046875
One Night in Heaven_2.wav,Party,123.046875
One Night in Heaven_3.wav,Party,123.046875
One Night in Heaven_4.wav,Party,123.046875
One Night in Heaven_5.wav,Party,123.046875
One Night in Heaven_6.wav,Party,123.046875
Only_0.wav,Party,86.1328125
Only_1.wav,Party,60.09265988372093
Only_10.wav,Party,60.09265988372093
Only_2.wav,Party,60.09265988372093
Only_3.wav,Party,117.45383522727273
Only_4.wav,Party,60.09265988372093
Only_5.wav,Party,60.09265988372093
Only_6.wav,Party,60.09265988372093
Only_7.wav,Party,60.09265988372093
Only_8.wav,Party,117.45383522727273
Only_9.wav,Party,117.45383522727273
Quick Trick_0.wav,Party,80.74951171875
Quick Trick_1.wav,Party,80.74951171875
Quick Trick_2.wav,Party,83.35433467741936
Quick Trick_3.wav,Party,83.35433467741936
Quick Trick_4.wav,Party,83.35433467741936
Quick Trick_5.wav,Party,83.35433467741936
Quick Trick_6.wav,Party,83.35433467741936
Quick Trick_7.wav,Party,86.1328125
Quick Trick_8.wav,Party,86.1328125
Samba With Some Barbecue_0.wav,Party,135.99917763157896
Samba With Some Barbecue_1.wav,Party,198.76802884615384
Samba With Some Barbecue_2.wav,Party,135.99917763157896
Samba With Some Barbecue_3.wav,Party,198.76802884615384
Samba With Some Barbecue_4.wav,Party,198.76802884615384
Samba With Some Barbecue_5.wav,Party,99.38401442307692
Samba With Some Barbecue_6.wav,Party,129.19921875
Samba With Some Barbecue_7.wav,Party,129.19921875
Sing For The Moment_0.wav,Party,83.35433467741936
Sing For The Moment_1.wav,Party,83.35433467741936
Sing For The Moment_2.wav,Party,161.4990234375
Sing For The Moment_3.wav,Party,161.4990234375
Sing For The Moment_4.wav,Party,161.4990234375
Sing For The Moment_5.wav,Party,161.4990234375
Sing For The Moment_6.wav,Party,161.4990234375
Sing For The Moment_7.wav,Party,83.35433467741936
Sing For The Moment_8.wav,Party,161.4990234375
Sing For The Moment_9.wav,Party,161.4990234375
Sing It Back_0.wav,Party,123.046875
Sing It Back_1.wav,Party,123.046875
Sing It Back_2.wav,Party,123.046875
Sing It Back_3.wav,Party,123.046875
Sing It Back_4.wav,Party,123.046875
Sing It Back_5.wav,Party,123.046875
Sing It Back_6.wav,Party,123.046875
Sing It Back_7.wav,Party,123.046875
Southbound_0.wav,Party,99.38401442307692
Southbound_1.wav,Party,99.38401442307692
Southbound_2.wav,Party,99.38401442307692
Southbound_3.wav,Party,99.38401442307692
Southbound_4.wav,Party,99.38401442307692
Southbound_5.wav,Party,99.38401442307692
Stunt 101_0.wav,Party,89.10290948275862
Stunt 101_1.wav,Party,103.359375
Stunt 101_2.wav,Party,99.38401442307692
Stunt 101_3.wav,Party,103.359375
Stunt 101_4.wav,Party,99.38401442307692
Stunt 101_5.wav,Party,103.359375
Stunt 101_6.wav,Party,99.38401442307692
Stunt 101_7.wav,Party,103.359375
The Git Up_0.wav,Party,99.38401442307692
The Git Up_1.wav,Party,99.38401442307692
The Git Up_2.wav,Party,99.38401442307692
The Git Up_3.wav,Party,99.38401442307692
The Git Up_4.wav,Party,99.38401442307692
The Git Up_5.wav,Party,99.38401442307692
The Next Episode_0.wav,Party,95.703125
The Next Episode_1.wav,Party,95.703125
The Next Episode_2.wav,Party,95.703125
The Next Episode_3.wav,Party,95.703125
The Next Episode_4.wav,Party,95.703125
The Next Episode_5.wav,Party,95.703125
The Rhythm Of The Night_0.wav,Party,172.265625
The Rhythm Of The Night_1.wav,Party,129.19921875
The Rhythm Of The Night_2.wav,Party,129.19921875
The Rhythm Of The Night_3.wav,Party,129.19921875
The Rhythm Of The Night_4.wav,Party,129.19921875
The Rhythm Of The Night_5.wav,Party,129.19921875
The Thrill Is Gone_0.wav,Party,143.5546875
The Thrill Is Gone_1.wav,Party,75.99954044117646
The Thrill Is Gone_10.wav,Party,103.359375
The Thrill Is Gone_2.wav,Party,123.046875
The Thrill Is Gone_3.wav,Party,117.45383522727273
The Thrill Is Gone_4.wav,Party,83.35433467741936
The Thrill Is Gone_5.wav,Party,112.34714673913044
The Thrill Is Gone_6.wav,Party,103.359375
The Thrill Is Gone_7.wav,Party,78.30255681818181
The Thrill Is Gone_8.wav,Party,99.38401442307692
The Thrill Is Gone_9.wav,Party,151.99908088235293
They Cant Take That Away From Me_0.wav,Party,89.10290948275862
They Cant Take That Away From Me_1.wav,Party,92.28515625
They Cant Take That Away From Me_2.wav,Party,92.28515625
They Cant Take That Away From Me_3.wav,Party,95.703125
They Cant Take That Away From Me_4.wav,Party,92.28515625
They Cant Take That Away From Me_5.wav,Party,95.703125
They Cant Take That Away From Me_6.wav,Party,95.703125
They Cant Take That Away From Me_7.wav,Party,95.703125
They Cant Take That Away From Me_8.wav,Party,95.703125
Thotiana_0.wav,Party,103.359375
Thotiana_1.wav,Party,103.359375
Thotiana_2.wav,Party,103.359375
Thotiana_3.wav,Party,103.359375
Thotiana_4.wav,Party,103.359375
Thotiana_5.wav,Party,103.359375
Touch Me_0.wav,Party,135.99917763157896
Touch Me_1.wav,Party,135.99917763157896
Touch Me_2.wav,Party,135.99917763157896
Touch Me_3.wav,Party,135.99917763157896
Touch Me_4.wav,Party,129.19921875
Touch Me_5.wav,Party,129.19921875
U Dont Know Me_0.wav,Party,86.1328125
U Dont Know Me_1.wav,Party,129.19921875
U Dont Know Me_10.wav,Party,129.19921875
U Dont Know Me_11.wav,Party,129.19921875
U Dont Know Me_12.wav,Party,129.19921875
U Dont Know Me_13.wav,Party,129.19921875
U Dont Know Me_14.wav,Party,129.19921875
U Dont Know Me_2.wav,Party,129.19921875
U Dont Know Me_3.wav,Party,129.19921875
U Dont Know Me_4.wav,Party,129.19921875
U Dont Know Me_5.wav,Party,129.19921875
U Dont Know Me_6.wav,Party,129.19921875
U Dont Know Me_7.wav,Party,129.19921875
U Dont Know Me_8.wav,Party,129.19921875
U Dont Know Me_9.wav,Party,129.19921875
What is Love_0.wav,Party,123.046875
What is Love_1.wav,Party,123.046875
What is Love_2.wav,Party,123.046875
What is Love_3.wav,Party,123.046875
What is Love_4.wav,Party,123.046875
What is Love_5.wav,Party,123.046875
What is Love_6.wav,Party,123.046875
What is Luv_0.wav,Party,92.28515625
What is Luv_1.wav,Party,92.28515625
What is Luv_2.wav,Party,92.28515625
What is Luv_3.wav,Party,92.28515625
What is Luv_4.wav,Party,92.28515625
What is Luv_5.wav,Party,92.28515625
What is Luv_6.wav,Party,92.28515625
Where Love Lives_0.wav,Party,80.74951171875
Where Love Lives_1.wav,Party,61.5234375
Where Love Lives_2.wav,Party,123.046875
Where Love Lives_3.wav,Party,123.046875
Where Love Lives_4.wav,Party,123.046875
Where Love Lives_5.wav,Party,123.046875
Where Love Lives_6.wav,Party,123.046875
Without Deception_0.wav,Party,75.99954044117646
Without Deception_1.wav,Party,151.99908088235293
Without Deception_10.wav,Party,151.99908088235293
Without Deception_11.wav,Party,73.828125
Without Deception_2.wav,Party,151.99908088235293
Without Deception_3.wav,Party,143.5546875
Without Deception_4.wav,Party,143.5546875
Without Deception_5.wav,Party,143.5546875
Without Deception_6.wav,Party,143.5546875
Without Deception_7.wav,Party,73.828125
Without Deception_8.wav,Party,151.99908088235293
Without Deception_9.wav,Party,143.5546875
Woah_0.wav,Party,143.5546875
Woah_1.wav,Party,143.5546875
Woah_2.wav,Party,143.5546875
Woah_3.wav,Party,143.5546875
Woah_4.wav,Party,95.703125
A_0.wav,Anxious,117.45383522727273
A_1.wav,Anxious,99.38401442307692
A_10.wav,Anxious,129.19921875
A_11.wav,Anxious,129.19921875
A_12.wav,Anxious,43.06640625
A_13.wav,Anxious,135.99917763157896
A_14.wav,Anxious,135.99917763157896
A_15.wav,Anxious,103.359375
A_16.wav,Anxious,172.265625
A_17.wav,Anxious,92.28515625
A_18.wav,Anxious,184.5703125
A_2.wav,Anxious,95.703125
A_3.wav,Anxious,95.703125
A_4.wav,Anxious,83.35433467741936
A_5.wav,Anxious,151.99908088235293
A_6.wav,Anxious,56.17357336956522
A_7.wav,Anxious,107.666015625
A_8.wav,Anxious,99.38401442307692
A_9.wav,Anxious,129.19921875
Abyss_0.wav,Anxious,63.02400914634146
Abyss_1.wav,Anxious,50.666360294117645
Abyss_2.wav,Anxious,64.599609375
Abyss_3.wav,Anxious,117.45383522727273
Abyss_4.wav,Anxious,123.046875
Abyss_5.wav,Anxious,117.45383522727273
Abyss_6.wav,Anxious,36.9140625
Abyss_7.wav,Anxious,50.666360294117645
Abyss_8.wav,Anxious,20.671875
Alzheimer's_0.wav,Anxious,135.99917763157896
Alzheimer's_1.wav,Anxious,135.99917763157896
Alzheimer's_2.wav,Anxious,60.09265988372093
Alzheimer's_3.wav,Anxious,89.10290948275862
Alzheimer's_4.wav,Anxious,80.74951171875
Alzheimer's_5.wav,Anxious,75.99954044117646
Alzheimer's_6.wav,Anxious,80.74951171875
Alzheimer's_7.wav,Anxious,54.978390957446805
Amnesia_0.wav,Anxious,67.99958881578948
Amnesia_1.wav,Anxious,45.333059210526315
Amnesia_2.wav,Anxious,95.703125
Amnesia_3.wav,Anxious,198.76802884615384
Amnesia_4.wav,Anxious,47.8515625
Amnesia_5.wav,Anxious,63.02400914634146
Amnesia_6.wav,Anxious,75.99954044117646
Amnesia_7.wav,Anxious,103.359375
Anorexia_0.wav,Anxious,103.359375
Anorexia_1.wav,Anxious,151.99908088235293
Anorexia_2.wav,Anxious,129.19921875
Anorexia_3.wav,Anxious,103.359375
Anorexia_4.wav,Anxious,99.38401442307692
Anorexia_5.wav,Anxious,86.1328125
Anorexia_6.wav,Anxious,44.55145474137931
Anxiety_0.wav,Anxious,99.38401442307692
Anxiety_1.wav,Anxious,99.38401442307692
Anxiety_2.wav,Anxious,198.76802884615384
Anxiety_3.wav,Anxious,107.666015625
Anxiety_4.wav,Anxious,99.38401442307692
Anxiety_5.wav,Anxious,112.34714673913044
Anxiety_6.wav,Anxious,123.046875
Anxiety_7.wav,Anxious,95.703125
Anxiety_8.wav,Anxious,92.28515625
Anxiety_9.wav,Anxious,99.38401442307692
Apathy_0.wav,Anxious,83.35433467741936
Apathy_1.wav,Anxious,86.1328125
Apathy_2.wav,Anxious,86.1328125
Apathy_3.wav,Anxious,161.4990234375
Apathy_4.wav,Anxious,71.77734375
Apathy_5.wav,Anxious,83.35433467741936
Asperger's_0.wav,Anxious,112.34714673913044
Asperger's_1.wav,Anxious,129.19921875
Asperger's_2.wav,Anxious,67.99958881578948
Asperger's_3.wav,Anxious,143.5546875
BPD_0.wav,Anxious,92.28515625
BPD_1.wav,Anxious,123.046875
BPD_2.wav,Anxious,123.046875
BPD_3.wav,Anxious,129.19921875
BPD_4.wav,Anxious,103.359375
Bipolar_0.wav,Anxious,60.09265988372093
Bipolar_1.wav,Anxious,46.98153409090909
Bipolar_2.wav,Anxious,215.33203125
Bipolar_3.wav,Anxious,92.28515625
Bipolar_4.wav,Anxious,258.3984375
Bipolar_5.wav,Anxious,83.35433467741936
Bipolar_6.wav,Anxious,103.359375
Bipolar_7.wav,Anxious,151.99908088235293
Black World_0.wav,Anxious,89.10290948275862
Black World_1.wav,Anxious,56.17357336956522
Black World_2.wav,Anxious,86.1328125
Black World_3.wav,Anxious,89.10290948275862
Black World_4.wav,Anxious,92.28515625
Claustrophobia_0.wav,Anxious,45.333059210526315
Claustrophobia_1.wav,Anxious,56.17357336956522
Claustrophobia_2.wav,Anxious,61.5234375
Claustrophobia_3.wav,Anxious,42.36039959016394
Claustrophobia_4.wav,Anxious,67.99958881578948
Claustrophobia_5.wav,Anxious,143.5546875
Claustrophobia_6.wav,Anxious,75.99954044117646
Claustrophobia_7.wav,Anxious,107.666015625
Claustrophobia_8.wav,Anxious,135.99917763157896
Claustrophobia_9.wav,Anxious,13.319507087628866
Dementia_0.wav,Anxious,129.19921875
Dementia_1.wav,Anxious,129.19921875
Dementia_10.wav,Anxious,23.490767045454547
Dementia_11.wav,Anxious,86.1328125
Dementia_12.wav,Anxious,83.35433467741936
Dementia_2.wav,Anxious,123.046875
Dementia_3.wav,Anxious,135.99917763157896
Dementia_4.wav,Anxious,135.99917763157896
Dementia_5.wav,Anxious,135.99917763157896
Dementia_6.wav,Anxious,103.359375
Dementia_7.wav,Anxious,172.265625
Dementia_8.wav,Anxious,92.28515625
Dementia_9.wav,Anxious,184.5703125
Depression_0.wav,Anxious,92.28515625
Depression_1.wav,Anxious,89.10290948275862
Depression_2.wav,Anxious,86.1328125
Depression_3.wav,Anxious,151.99908088235293
Depression_4.wav,Anxious,71.77734375
Depression_5.wav,Anxious,75.99954044117646
Depression_6.wav,Anxious,80.74951171875
Deranged_0.wav,Anxious,172.265625
Deranged_1.wav,Anxious,86.1328125
Deranged_2.wav,Anxious,78.30255681818181
Deranged_3.wav,Anxious,56.17357336956522
Deranged_4.wav,Anxious,67.99958881578948
Deranged_5.wav,Anxious,33.12800480769231
Deranged_6.wav,Anxious,107.666015625
Drown_0.wav,Anxious,161.4990234375
Drown_1.wav,Anxious,99.38401442307692
Drown_2.wav,Anxious,89.10290948275862
Drown_3.wav,Anxious,135.99917763157896
Drown_4.wav,Anxious,95.703125
Drown_5.wav,Anxious,95.703125
Drown_6.wav,Anxious,86.1328125
Drown_7.wav,Anxious,58.72691761363637
Envy_0.wav,Anxious,37.99977022058823
Envy_1.wav,Anxious,198.76802884615384
Envy_2.wav,Anxious,71.77734375
Envy_3.wav,Anxious,123.046875
Greed_0.wav,Anxious,198.76802884615384
Greed_1.wav,Anxious,184.5703125
Greed_2.wav,Anxious,99.38401442307692
Greed_3.wav,Anxious,184.5703125
Greed_4.wav,Anxious,184.5703125
Hannah Baker_0.wav,Anxious,71.77734375
Hannah Baker_1.wav,Anxious,54.978390957446805
Hannah Baker_2.wav,Anxious,184.5703125
Hannah Baker_3.wav,Anxious,184.5703125
Hannah Baker_4.wav,Anxious,71.77734375
Hate_0.wav,Anxious,103.359375
Hate_1.wav,Anxious,52.734375
Hate_2.wav,Anxious,61.5234375
Hate_3.wav,Anxious,95.703125
Hate_4.wav,Anxious,95.703125
Hate_5.wav,Anxious,57.421875
Hate_6.wav,Anxious,56.17357336956522
Hate_7.wav,Anxious,58.72691761363637
Insanity_0.wav,Anxious,123.046875
Insanity_1.wav,Anxious,95.703125
Insanity_2.wav,Anxious,75.99954044117646
Insanity_3.wav,Anxious,89.10290948275862
Insanity_4.wav,Anxious,80.74951171875
Insanity_5.wav,Anxious,112.34714673913044
Insanity_6.wav,Anxious,172.265625
Insanity_7.wav,Anxious,71.77734375
Jealousy_0.wav,Anxious,123.046875
Jealousy_1.wav,Anxious,117.45383522727273
Jealousy_2.wav,Anxious,80.74951171875
Jealousy_3.wav,Anxious,103.359375
Jealousy_4.wav,Anxious,67.99958881578948
Jealousy_5.wav,Anxious,69.83741554054055
Jealousy_6.wav,Anxious,67.99958881578948
Liar_0.wav,Anxious,135.99917763157896
Liar_1.wav,Anxious,143.5546875
Liar_10.wav,Anxious,161.4990234375
Liar_11.wav,Anxious,86.1328125
Liar_12.wav,Anxious,43.79634533898305
Liar_13.wav,Anxious,198.76802884615384
Liar_14.wav,Anxious,86.1328125
Liar_15.wav,Anxious,198.76802884615384
Liar_16.wav,Anxious,135.99917763157896
Liar_17.wav,Anxious,123.046875
Liar_18.wav,Anxious,44.55145474137931
Liar_2.wav,Anxious,151.99908088235293
Liar_3.wav,Anxious,75.99954044117646
Liar_4.wav,Anxious,73.828125
Liar_5.wav,Anxious,161.4990234375
Liar_6.wav,Anxious,151.99908088235293
Liar_7.wav,Anxious,80.74951171875
Liar_8.wav,Anxious,161.4990234375
Liar_9.wav,Anxious,161.4990234375
Melancholia_0.wav,Anxious,107.666015625
Melancholia_1.wav,Anxious,95.703125
Melancholia_2.wav,Anxious,73.828125
Melancholia_3.wav,Anxious,75.99954044117646
Melancholia_4.wav,Anxious,99.38401442307692
Melancholia_5.wav,Anxious,83.35433467741936
Melancholia_6.wav,Anxious,89.10290948275862
Melancholia_7.wav,Anxious,92.28515625
Monophobia_0.wav,Anxious,112.34714673913044
Monophobia_1.wav,Anxious,95.703125
Monophobia_2.wav,Anxious,123.046875
Monophobia_3.wav,Anxious,107.666015625
Monophobia_4.wav,Anxious,129.19921875
Nausea_0.wav,Anxious,63.02400914634146
Nausea_1.wav,Anxious,69.83741554054055
Nausea_2.wav,Anxious,45.333059210526315
Nausea_3.wav,Anxious,71.77734375
Nausea_4.wav,Anxious,69.83741554054055
Necromorph_0.wav,Anxious,161.4990234375
Necromorph_1.wav,Anxious,112.34714673913044
Necromorph_2.wav,Anxious,112.34714673913044
Necromorph_3.wav,Anxious,112.34714673913044
Necromorph_4.wav,Anxious,112.34714673913044
Necromorph_5.wav,Anxious,112.34714673913044
Null_0.wav,Anxious,92.28515625
Null_1.wav,Anxious,83.35433467741936
Null_2.wav,Anxious,78.30255681818181
Null_3.wav,Anxious,103.359375
Null_4.wav,Anxious,56.17357336956522
Null_5.wav,Anxious,57.421875
Null_6.wav,Anxious,123.046875
Null_7.wav,Anxious,103.359375
Outsider_0.wav,Anxious,107.666015625
Outsider_1.wav,Anxious,112.34714673913044
Outsider_2.wav,Anxious,117.45383522727273
Pain Orchestral_0.wav,Anxious,58.72691761363637
Pain Orchestral_1.wav,Anxious,63.02400914634146
Pain Orchestral_2.wav,Anxious,103.359375
Pain Orchestral_3.wav,Anxious,73.828125
Pain Orchestral_4.wav,Anxious,64.599609375
Pain_0.wav,Anxious,60.09265988372093
Pain_1.wav,Anxious,63.02400914634146
Pain_2.wav,Anxious,135.99917763157896
Pain_3.wav,Anxious,143.5546875
Pain_4.wav,Anxious,135.99917763157896
Psychopath_0.wav,Anxious,92.28515625
Psychopath_1.wav,Anxious,107.666015625
Psychopath_10.wav,Anxious,107.666015625
Psychopath_2.wav,Anxious,99.38401442307692
Psychopath_3.wav,Anxious,117.45383522727273
Psychopath_4.wav,Anxious,112.34714673913044
Psychopath_5.wav,Anxious,95.703125
Psychopath_6.wav,Anxious,80.74951171875
Psychopath_7.wav,Anxious,83.35433467741936
Psychopath_8.wav,Anxious,151.99908088235293
Psychopath_9.wav,Anxious,56.17357336956522
S Orchestral_0.wav,Anxious,161.4990234375
S Orchestral_1.wav,Anxious,129.19921875
S Orchestral_2.wav,Anxious,69.83741554054055
S Orchestral_3.wav,Anxious,95.703125
S Orchestral_4.wav,Anxious,73.828125
S Orchestral_5.wav,Anxious,123.046875
S Orchestral_6.wav,Anxious,75.99954044117646
S_0.wav,Anxious,73.828125
S_1.wav,Anxious,37.99977022058823
S_2.wav,Anxious,75.99954044117646
S_3.wav,Anxious,19.725071564885496
S_4.wav,Anxious,71.77734375
S_5.wav,Anxious,73.828125
S_6.wav,Anxious,75.99954044117646
Sacrifice_0.wav,Anxious,143.5546875
Sacrifice_1.wav,Anxious,143.5546875
Sacrifice_2.wav,Anxious,143.5546875
Sacrifice_3.wav,Anxious,143.5546875
Sacrifice_4.wav,Anxious,143.5546875
Sacrifice_5.wav,Anxious,143.5546875
Sacrifice_6.wav,Anxious,143.5546875
Sacrifice_7.wav,Anxious,143.5546875
Severndroog_0.wav,Anxious,50.666360294117645
Severndroog_1.wav,Anxious,51.6796875
Severndroog_2.wav,Anxious,103.359375
Severndroog_3.wav,Anxious,103.359375
Severndroog_4.wav,Anxious,69.83741554054055
Silence_0.wav,Anxious,135.99917763157896
Silence_1.wav,Anxious,135.99917763157896
Silence_2.wav,Anxious,66.25600961538461
Silence_3.wav,Anxious,61.5234375
Silence_4.wav,Anxious,71.77734375
Silence_5.wav,Anxious,151.99908088235293
Silence_6.wav,Anxious,73.828125
Social Anxiety_0.wav,Anxious,92.28515625
Social Anxiety_1.wav,Anxious,198.76802884615384
Sociopath_0.wav,Anxious,99.38401442307692
Sociopath_1.wav,Anxious,135.99917763157896
Sociopath_10.wav,Anxious,143.5546875
Sociopath_11.wav,Anxious,50.666360294117645
Sociopath_2.wav,Anxious,129.19921875
Sociopath_3.wav,Anxious,71.77734375
Sociopath_4.wav,Anxious,63.02400914634146
Sociopath_5.wav,Anxious,69.83741554054055
Sociopath_6.wav,Anxious,92.28515625
Sociopath_7.wav,Anxious,117.45383522727273
Sociopath_8.wav,Anxious,112.34714673913044
Sociopath_9.wav,Anxious,103.359375
The Empty Doll_0.wav,Anxious,75.99954044117646
The Empty Doll_1.wav,Anxious,71.77734375
The Empty Doll_10.wav,Anxious,52.734375
The Empty Doll_11.wav,Anxious,58.72691761363637
The Empty Doll_12.wav,Anxious,56.17357336956522
The Empty Doll_13.wav,Anxious,47.8515625
The Empty Doll_14.wav,Anxious,49.69200721153846
The Empty Doll_15.wav,Anxious,43.79634533898305
The Empty Doll_2.wav,Anxious,184.5703125
The Empty Doll_3.wav,Anxious,58.72691761363637
The Empty Doll_4.wav,Anxious,64.599609375
The Empty Doll_5.wav,Anxious,63.02400914634146
The Empty Doll_6.wav,Anxious,67.99958881578948
The Empty Doll_7.wav,Anxious,71.77734375
The Empty Doll_8.wav,Anxious,287.109375
The Empty Doll_9.wav,Anxious,215.33203125
The Stalker_0.wav,Anxious,95.703125
The Stalker_1.wav,Anxious,95.703125
The Stalker_2.wav,Anxious,95.703125
The Stalker_3.wav,Anxious,95.703125
The Stalker_4.wav,Anxious,92.28515625
The Stalker_5.wav,Anxious,53.8330078125
The Stalker_6.wav,Anxious,75.99954044117646
Urges_0.wav,Anxious,42.36039959016394
Urges_1.wav,Anxious,86.1328125
Urges_2.wav,Anxious,92.28515625
Urges_3.wav,Anxious,89.10290948275862
Urges_4.wav,Anxious,117.45383522727273
Urges_5.wav,Anxious,161.4990234375
Urges_6.wav,Anxious,80.74951171875
Urges_7.wav,Anxious,78.30255681818181
Urges_8.wav,Anxious,52.734375
Urges_9.wav,Anxious,99.38401442307692
Vertigo_0.wav,Anxious,129.19921875
Vertigo_1.wav,Anxious,64.599609375
Vertigo_2.wav,Anxious,143.5546875
Vertigo_3.wav,Anxious,66.25600961538461
Vertigo_4.wav,Anxious,60.09265988372093
Vertigo_5.wav,Anxious,60.09265988372093
Waiting for Sunrise_0.wav,Anxious,129.19921875
Waiting for Sunrise_1.wav,Anxious,103.359375
Waiting for Sunrise_2.wav,Anxious,143.5546875
Waiting for Sunrise_3.wav,Anxious,50.666360294117645
Waiting for Sunrise_4.wav,Anxious,129.19921875
Waiting for Sunrise_5.wav,Anxious,123.046875
Waiting for Sunrise_6.wav,Anxious,80.74951171875
Waiting for Sunrise_7.wav,Anxious,117.45383522727273
Waiting for Sunrise_8.wav,Anxious,117.45383522727273
Waiting for Sunrise_9.wav,Anxious,92.28515625
A Light in the Attic_0.wav,Focus,75.99954044117646
A Light in the Attic_1.wav,Focus,73.828125
A Light in the Attic_2.wav,Focus,71.77734375
A Light in the Attic_3.wav,Focus,143.5546875
A Light in the Attic_4.wav,Focus,143.5546875
A Light in the Attic_5.wav,Focus,143.5546875
A Light in the Attic_6.wav,Focus,143.5546875
A Light in the Attic_7.wav,Focus,143.5546875
A Light in the Attic_8.wav,Focus,73.828125
A Swarm_0.wav,Focus,123.046875
A Swarm_1.wav,Focus,123.046875
A Swarm_10.wav,Focus,143.5546875
A Swarm_11.wav,Focus,129.19921875
A Swarm_12.wav,Focus,129.19921875
A Swarm_13.wav,Focus,129.19921875
A Swarm_2.wav,Focus,123.046875
A Swarm_3.wav,Focus,123.046875
A Swarm_4.wav,Focus,123.046875
A Swarm_5.wav,Focus,129.19921875
A Swarm_6.wav,Focus,135.99917763157896
A Swarm_7.wav,Focus,135.99917763157896
A Swarm_8.wav,Focus,143.5546875
A Swarm_9.wav,Focus,135.99917763157896
After the Darkness_0.wav,Focus,83.35433467741936
After the Darkness_1.wav,Focus,161.4990234375
After the Darkness_2.wav,Focus,83.35433467741936
And So On_0.wav,Focus,172.265625
And So On_1.wav,Focus,89.10290948275862
And So On_2.wav,Focus,89.10290948275862
Anotha BBQ_0.wav,Focus,151.99908088235293
Anotha BBQ_1.wav,Focus,151.99908088235293
Anotha BBQ_2.wav,Focus,151.99908088235293
Anotha BBQ_3.wav,Focus,151.99908088235293
Anotha BBQ_4.wav,Focus,151.99908088235293
Anybody There_0.wav,Focus,123.046875
Anybody There_1.wav,Focus,63.02400914634146
Anybody There_2.wav,Focus,123.046875
Anybody There_3.wav,Focus,123.046875
Anybody There_4.wav,Focus,123.046875
Back Home_0.wav,Focus,151.99908088235293
Back Home_1.wav,Focus,135.99917763157896
Back Home_2.wav,Focus,135.99917763157896
Back Home_3.wav,Focus,135.99917763157896
Black Tornado_0.wav,Focus,143.5546875
Black Tornado_1.wav,Focus,143.5546875
Black Tornado_2.wav,Focus,143.5546875
Black Tornado_3.wav,Focus,143.5546875
Black Tornado_4.wav,Focus,143.5546875
Blues After Hours_0.wav,Focus,103.359375
Blues After Hours_1.wav,Focus,64.599609375
Blues After Hours_2.wav,Focus,63.02400914634146
Blues After Hours_3.wav,Focus,95.703125
Blues After Hours_4.wav,Focus,99.38401442307692
Blues After Hours_5.wav,Focus,99.38401442307692
Blues After Hours_6.wav,Focus,63.02400914634146
Blues After Hours_7.wav,Focus,99.38401442307692
Blues After Hours_8.wav,Focus,95.703125
Blues After Hours_9.wav,Focus,64.599609375
Blues for Nothing_0.wav,Focus,172.265625
Blues for Nothing_1.wav,Focus,172.265625
Blues for Nothing_2.wav,Focus,184.5703125
Blues for Nothing_3.wav,Focus,95.703125
Blues for Nothing_4.wav,Focus,95.703125
Blues for Nothing_5.wav,Focus,95.703125
Blues for Nothing_6.wav,Focus,99.38401442307692
Blues for Nothing_7.wav,Focus,184.5703125
Cell Therapy_0.wav,Focus,161.4990234375
Cell Therapy_1.wav,Focus,83.35433467741936
Cell Therapy_2.wav,Focus,83.35433467741936
Cell Therapy_3.wav,Focus,83.35433467741936
Cell Therapy_4.wav,Focus,83.35433467741936
Cell Therapy_5.wav,Focus,83.35433467741936
Cell Therapy_6.wav,Focus,83.35433467741936
Cell Therapy_7.wav,Focus,83.35433467741936
Cell Therapy_8.wav,Focus,83.35433467741936
Changes_0.wav,Focus,151.99908088235293
Changes_1.wav,Focus,151.99908088235293
Changes_10.wav,Focus,151.99908088235293
Changes_2.wav,Focus,151.99908088235293
Changes_3.wav,Focus,151.99908088235293
Changes_4.wav,Focus,143.5546875
Changes_5.wav,Focus,151.99908088235293
Changes_6.wav,Focus,151.99908088235293
Changes_7.wav,Focus,151.99908088235293
Changes_8.wav,Focus,143.5546875
Changes_9.wav,Focus,151.99908088235293
Chicago Breakdown_0.wav,Focus,161.4990234375
Chicago Breakdown_1.wav,Focus,172.265625
Chicago Breakdown_2.wav,Focus,172.265625
Chicago Breakdown_3.wav,Focus,172.265625
Chicago Breakdown_4.wav,Focus,172.265625
Chicago Sunset_0.wav,Focus,161.4990234375
Chicago Sunset_1.wav,Focus,161.4990234375
Chicago Sunset_2.wav,Focus,161.4990234375
Chicago Sunset_3.wav,Focus,161.4990234375
Chicago Sunset_4.wav,Focus,161.4990234375
Chicago Sunset_5.wav,Focus,161.4990234375
Chicken Shack_0.wav,Focus,129.19921875
Chicken Shack_1.wav,Focus,135.99917763157896
Chicken Shack_2.wav,Focus,135.99917763157896
Chicken Shack_3.wav,Focus,135.99917763157896
Chicken Shack_4.wav,Focus,135.99917763157896
Chicken Shack_5.wav,Focus,135.99917763157896
Chicken Shack_6.wav,Focus,135.99917763157896
Cloud Dance_0.wav,Focus,89.10290948275862
Cloud Dance_1.wav,Focus,89.10290948275862
Cloud Dance_2.wav,Focus,44.55145474137931
Cloud Dance_3.wav,Focus,44.55145474137931
Cloud Dance_4.wav,Focus,89.10290948275862
Color of Autumn_0.wav,Focus,161.4990234375
Color of Autumn_1.wav,Focus,161.4990234375
Color of Autumn_2.wav,Focus,161.4990234375
Come Back_0.wav,Focus,75.99954044117646
Come Back_1.wav,Focus,75.99954044117646
Congratulations_0.wav,Focus,83.35433467741936
Congratulations_1.wav,Focus,123.046875
Congratulations_2.wav,Focus,123.046875
Congratulations_3.wav,Focus,123.046875
Congratulations_4.wav,Focus,123.046875
Congratulations_5.wav,Focus,123.046875
Congratulations_6.wav,Focus,123.046875
Creswick_0.wav,Focus,143.5546875
Creswick_1.wav,Focus,143.5546875
Creswick_2.wav,Focus,143.5546875
Creswick_3.wav,Focus,143.5546875
Creswick_4.wav,Focus,92.28515625
Creswick_5.wav,Focus,143.5546875
Curly_0.wav,Focus,112.34714673913044
Curly_1.wav,Focus,112.34714673913044
Curly_2.wav,Focus,112.34714673913044
Curly_3.wav,Focus,112.34714673913044
Curly_4.wav,Focus,112.34714673913044
Curly_5.wav,Focus,112.34714673913044
Downtime_0.wav,Focus,86.1328125
Downtime_1.wav,Focus,86.1328125
Dream Catcher_0.wav,Focus,78.30255681818181
Dream Catcher_1.wav,Focus,151.99908088235293
Dream Catcher_2.wav,Focus,83.35433467741936
Dream Catcher_3.wav,Focus,151.99908088235293
Dream Catcher_4.wav,Focus,151.99908088235293
Driving Sideways_0.wav,Focus,143.5546875
Driving Sideways_1.wav,Focus,151.99908088235293
Driving Sideways_2.wav,Focus,151.99908088235293
Driving Sideways_3.wav,Focus,143.5546875
Driving Sideways_4.wav,Focus,143.5546875
Driving Sideways_5.wav,Focus,151.99908088235293
Driving Sideways_6.wav,Focus,143.5546875
Easeful_0.wav,Focus,112.34714673913044
Easeful_1.wav,Focus,42.36039959016394
Easeful_2.wav,Focus,112.34714673913044
Easeful_3.wav,Focus,172.265625
Europa_0.wav,Focus,151.99908088235293
Europa_1.wav,Focus,151.99908088235293
Europa_2.wav,Focus,73.828125
Europa_3.wav,Focus,73.828125
Europa_4.wav,Focus,75.99954044117646
Europa_5.wav,Focus,107.666015625
Europa_6.wav,Focus,161.4990234375
Europa_7.wav,Focus,161.4990234375
Europa_8.wav,Focus,112.34714673913044
Flashlight_0.wav,Focus,103.359375
Flashlight_1.wav,Focus,172.265625
Flashlight_2.wav,Focus,172.265625
Free Spirit_0.wav,Focus,83.35433467741936
Free Spirit_1.wav,Focus,83.35433467741936
Free Spirit_2.wav,Focus,83.35433467741936
Free Spirit_3.wav,Focus,83.35433467741936
Gentle Thoughts_0.wav,Focus,107.666015625
Gentle Thoughts_1.wav,Focus,103.359375
Gentle Thoughts_10.wav,Focus,107.666015625
Gentle Thoughts_11.wav,Focus,107.666015625
Gentle Thoughts_12.wav,Focus,107.666015625
Gentle Thoughts_2.wav,Focus,103.359375
Gentle Thoughts_3.wav,Focus,107.666015625
Gentle Thoughts_4.wav,Focus,107.666015625
Gentle Thoughts_5.wav,Focus,107.666015625
Gentle Thoughts_6.wav,Focus,107.666015625
Gentle Thoughts_7.wav,Focus,107.666015625
Gentle Thoughts_8.wav,Focus,107.666015625
Gentle Thoughts_9.wav,Focus,107.666015625
Great Northern Stomp_0.wav,Focus,151.99908088235293
Great Northern Stomp_1.wav,Focus,151.99908088235293
Great Northern Stomp_2.wav,Focus,161.4990234375
Great Northern Stomp_3.wav,Focus,80.74951171875
Great Northern Stomp_4.wav,Focus,161.4990234375
Great Northern Stomp_5.wav,Focus,172.265625
Great Northern Stomp_6.wav,Focus,86.1328125
Great Northern Stomp_7.wav,Focus,172.265625
Green Onions_0.wav,Focus,67.99958881578948
Green Onions_1.wav,Focus,67.99958881578948
Green Onions_2.wav,Focus,67.99958881578948
Green Onions_3.wav,Focus,135.99917763157896
Green Onions_4.wav,Focus,67.99958881578948
Haunted Sea_0.wav,Focus,99.38401442307692
Haunted Sea_1.wav,Focus,198.76802884615384
Haunted Sea_2.wav,Focus,103.359375
Haunted Sea_3.wav,Focus,103.359375
High Blossom_0.wav,Focus,89.10290948275862
High Blossom_1.wav,Focus,184.5703125
High Blossom_2.wav,Focus,89.10290948275862
High Blossom_3.wav,Focus,89.10290948275862
Hometown_0.wav,Focus,51.6796875
Hometown_1.wav,Focus,51.6796875
Hometown_2.wav,Focus,51.6796875
Hometown_3.wav,Focus,51.6796875
Hometown_4.wav,Focus,51.6796875
Hometown_5.wav,Focus,51.6796875
Hometown_6.wav,Focus,51.6796875
Loft_0.wav,Focus,86.1328125
Loft_1.wav,Focus,86.1328125
Loft_10.wav,Focus,123.046875
Loft_11.wav,Focus,129.19921875
Loft_2.wav,Focus,86.1328125
Loft_3.wav,Focus,86.1328125
Loft_4.wav,Focus,86.1328125
Loft_5.wav,Focus,129.19921875
Loft_6.wav,Focus,63.02400914634146
Loft_7.wav,Focus,129.19921875
Loft_8.wav,Focus,123.046875
Loft_9.wav,Focus,123.046875
Long Wish_0.wav,Focus,41.67716733870968
Long Wish_1.wav,Focus,95.703125
Long Wish_2.wav,Focus,95.703125
Losing Interest_0.wav,Focus,112.34714673913044
Losing Interest_1.wav,Focus,112.34714673913044
Losing Interest_2.wav,Focus,112.34714673913044
Music By Cavelight_0.wav,Focus,184.5703125
Music By Cavelight_1.wav,Focus,92.28515625
Music By Cavelight_2.wav,Focus,123.046875
Music By Cavelight_3.wav,Focus,184.5703125
Music By Cavelight_4.wav,Focus,92.28515625
Music By Cavelight_5.wav,Focus,92.28515625
Music By Cavelight_6.wav,Focus,92.28515625
Music By Cavelight_7.wav,Focus,184.5703125
Mystic_0.wav,Focus,107.666015625
Mystic_1.wav,Focus,78.30255681818181
Mystic_2.wav,Focus,117.45383522727273
Mystic_3.wav,Focus,78.30255681818181
Mystic_4.wav,Focus,151.99908088235293
Mystic_5.wav,Focus,123.046875
Night Walk_0.wav,Focus,80.74951171875
Night Walk_1.wav,Focus,80.74951171875
Night Walk_2.wav,Focus,80.74951171875
Night Walk_3.wav,Focus,143.5546875
Night Walk_4.wav,Focus,80.74951171875
Night Walk_5.wav,Focus,80.74951171875
Nonchalance_0.wav,Focus,89.10290948275862
Nonchalance_1.wav,Focus,89.10290948275862
Nonchalance_2.wav,Focus,89.10290948275862
One_0.wav,Focus,83.35433467741936
One_1.wav,Focus,83.35433467741936
One_2.wav,Focus,83.35433467741936
Optimal Region Selector_0.wav,Focus,75.99954044117646
Optimal Region Selector_1.wav,Focus,92.28515625
Optimal Region Selector_10.wav,Focus,117.45383522727273
Optimal Region Selector_11.wav,Focus,151.99908088235293
Optimal Region Selector_12.wav,Focus,161.4990234375
Optimal Region Selector_13.wav,Focus,75.99954044117646
Optimal Region Selector_14.wav,Focus,75.99954044117646
Optimal Region Selector_15.wav,Focus,75.99954044117646
Optimal Region Selector_16.wav,Focus,75.99954044117646
Optimal Region Selector_2.wav,Focus,172.265625
Optimal Region Selector_3.wav,Focus,75.99954044117646
Optimal Region Selector_4.wav,Focus,75.99954044117646
Optimal Region Selector_5.wav,Focus,80.74951171875
Optimal Region Selector_6.wav,Focus,151.99908088235293
Optimal Region Selector_7.wav,Focus,151.99908088235293
Optimal Region Selector_8.wav,Focus,151.99908088235293
Optimal Region Selector_9.wav,Focus,112.34714673913044
Overture_0.wav,Focus,73.828125
Overture_1.wav,Focus,198.76802884615384
Precarious_0.wav,Focus,151.99908088235293
Precarious_1.wav,Focus,99.38401442307692
Precarious_2.wav,Focus,151.99908088235293
Precarious_3.wav,Focus,99.38401442307692
Precarious_4.wav,Focus,151.99908088235293
Radiator Hiss_0.wav,Focus,172.265625
Radiator Hiss_1.wav,Focus,172.265625
Radiator Hiss_2.wav,Focus,172.265625
Radiator Hiss_3.wav,Focus,89.10290948275862
Second Sight_0.wav,Focus,75.99954044117646
Second Sight_1.wav,Focus,75.99954044117646
Second Sight_2.wav,Focus,75.99954044117646
Signal Tree_0.wav,Focus,129.19921875
Signal Tree_1.wav,Focus,129.19921875
Signal Tree_2.wav,Focus,129.19921875
Signal Tree_3.wav,Focus,86.1328125
Signal Tree_4.wav,Focus,129.19921875
Signal Tree_5.wav,Focus,129.19921875
Signal Tree_6.wav,Focus,129.19921875
Signal Tree_7.wav,Focus,129.19921875
Signal Tree_8.wav,Focus,129.19921875
Signal Tree_9.wav,Focus,129.19921875
Sonar_0.wav,Focus,184.5703125
Sonar_1.wav,Focus,80.74951171875
Sonar_2.wav,Focus,80.74951171875
back to the gates_0.wav,Focus,80.74951171875
back to the gates_1.wav,Focus,80.74951171875
back to the gates_2.wav,Focus,80.74951171875
back to the gates_3.wav,Focus,80.74951171875
back to the gates_4.wav,Focus,80.74951171875
A New Day_0.wav,Chill,95.703125
A New Day_1.wav,Chill,95.703125
A New Day_2.wav,Chill,95.703125
A New Day_3.wav,Chill,95.703125
A New Day_4.wav,Chill,95.703125
A New Day_5.wav,Chill,95.703125
A New Day_6.wav,Chill,95.703125
A New Day_7.wav,Chill,95.703125
A Prayer_0.wav,Chill,89.10290948275862
A Prayer_1.wav,Chill,143.5546875
A Prayer_2.wav,Chill,198.76802884615384
A Prayer_3.wav,Chill,234.90767045454547
A Prayer_4.wav,Chill,143.5546875
A Prayer_5.wav,Chill,143.5546875
A Prayer_6.wav,Chill,69.83741554054055
A Secret Place_0.wav,Chill,103.359375
A Secret Place_1.wav,Chill,103.359375
A Secret Place_10.wav,Chill,103.359375
A Secret Place_11.wav,Chill,103.359375
A Secret Place_12.wav,Chill,103.359375
A Secret Place_13.wav,Chill,103.359375
A Secret Place_14.wav,Chill,103.359375
A Secret Place_15.wav,Chill,103.359375
A Secret Place_2.wav,Chill,103.359375
A Secret Place_3.wav,Chill,103.359375
A Secret Place_4.wav,Chill,103.359375
A Secret Place_5.wav,Chill,103.359375
A Secret Place_6.wav,Chill,103.359375
A Secret Place_7.wav,Chill,103.359375
A Secret Place_8.wav,Chill,103.359375
A Secret Place_9.wav,Chill,103.359375
A Slow Parade_0.wav,Chill,61.5234375
A Slow Parade_1.wav,Chill,61.5234375
A Slow Parade_2.wav,Chill,129.19921875
A Slow Parade_3.wav,Chill,61.5234375
A Slow Parade_4.wav,Chill,61.5234375
A Slow Parade_5.wav,Chill,61.5234375
A Slow Parade_6.wav,Chill,129.19921875
A Slow Parade_7.wav,Chill,129.19921875
A Slow Parade_8.wav,Chill,129.19921875
Absurdity_0.wav,Chill,117.45383522727273
Absurdity_1.wav,Chill,123.046875
Absurdity_2.wav,Chill,117.45383522727273
Absurdity_3.wav,Chill,123.046875
Absurdity_4.wav,Chill,129.19921875
Absurdity_5.wav,Chill,129.19921875
Absurdity_6.wav,Chill,123.046875
Absurdity_7.wav,Chill,129.19921875
Baby Its You_0.wav,Chill,112.34714673913044
Baby Its You_1.wav,Chill,112.34714673913044
Baby Its You_2.wav,Chill,112.34714673913044
Baby Its You_3.wav,Chill,112.34714673913044
Baby Its You_4.wav,Chill,112.34714673913044
Be The One_0.wav,Chill,117.45383522727273
Be The One_1.wav,Chill,172.265625
Be The One_2.wav,Chill,89.10290948275862
Be The One_3.wav,Chill,172.265625
Be The One_4.wav,Chill,86.1328125
Be The One_5.wav,Chill,117.45383522727273
Body_0.wav,Chill,123.046875
Body_1.wav,Chill,58.72691761363637
Body_2.wav,Chill,60.09265988372093
Body_3.wav,Chill,123.046875
Body_4.wav,Chill,60.09265988372093
Body_5.wav,Chill,143.5546875
Body_6.wav,Chill,172.265625
Break of Dawn_0.wav,Chill,69.83741554054055
Break of Dawn_1.wav,Chill,69.83741554054055
Break of Dawn_2.wav,Chill,69.83741554054055
Break of Dawn_3.wav,Chill,69.83741554054055
Break of Dawn_4.wav,Chill,69.83741554054055
Break of Dawn_5.wav,Chill,69.83741554054055
Break of Dawn_6.wav,Chill,69.83741554054055
Break of Dawn_7.wav,Chill,69.83741554054055
Break of Dawn_8.wav,Chill,69.83741554054055
Break the Fall_0.wav,Chill,107.666015625
Break the Fall_1.wav,Chill,80.74951171875
Break the Fall_2.wav,Chill,80.74951171875
Break the Fall_3.wav,Chill,80.74951171875
Break the Fall_4.wav,Chill,80.74951171875
Break the Fall_5.wav,Chill,80.74951171875
Break the Fall_6.wav,Chill,80.74951171875
Break the Fall_7.wav,Chill,80.74951171875
Break the Fall_8.wav,Chill,80.74951171875
Ceremony_0.wav,Chill,107.666015625
Ceremony_1.wav,Chill,107.666015625
Ceremony_10.wav,Chill,117.45383522727273
Ceremony_2.wav,Chill,107.666015625
Ceremony_3.wav,Chill,112.34714673913044
Ceremony_4.wav,Chill,112.34714673913044
Ceremony_5.wav,Chill,112.34714673913044
Ceremony_6.wav,Chill,112.34714673913044
Ceremony_7.wav,Chill,112.34714673913044
Ceremony_8.wav,Chill,112.34714673913044
Ceremony_9.wav,Chill,57.421875
Check the Vibe_0.wav,Chill,198.76802884615384
Check the Vibe_1.wav,Chill,198.76802884615384
Check the Vibe_2.wav,Chill,47.8515625
Check the Vibe_3.wav,Chill,198.76802884615384
Check the Vibe_4.wav,Chill,198.76802884615384
Check the Vibe_5.wav,Chill,95.703125
Chocolate_0.wav,Chill,75.99954044117646
Chocolate_1.wav,Chill,73.828125
Chocolate_2.wav,Chill,73.828125
Chocolate_3.wav,Chill,73.828125
Chocolate_4.wav,Chill,73.828125
Cloudfront_0.wav,Chill,123.046875
Cloudfront_1.wav,Chill,123.046875
Cloudfront_2.wav,Chill,123.046875
Cloudfront_3.wav,Chill,135.99917763157896
Colors_0.wav,Chill,172.265625
Colors_1.wav,Chill,172.265625
Colors_2.wav,Chill,172.265625
Colors_3.wav,Chill,86.1328125
Colors_4.wav,Chill,172.265625
Colors_5.wav,Chill,172.265625
Colors_6.wav,Chill,172.265625
Colors_7.wav,Chill,172.265625
Colors_8.wav,Chill,172.265625
Colors_9.wav,Chill,172.265625
Cosmic Whispers_0.wav,Chill,103.359375
Cosmic Whispers_1.wav,Chill,103.359375
Cosmic Whispers_2.wav,Chill,103.359375
Cosmic Whispers_3.wav,Chill,103.359375
Cosmic Whispers_4.wav,Chill,103.359375
Crash for a Couple_0.wav,Chill,151.99908088235293
Crash for a Couple_1.wav,Chill,151.99908088235293
Crash for a Couple_2.wav,Chill,151.99908088235293
Crash for a Couple_3.wav,Chill,151.99908088235293
Crash for a Couple_4.wav,Chill,151.99908088235293
Crash for a Couple_5.wav,Chill,151.99908088235293
Crash for a Couple_6.wav,Chill,151.99908088235293
Daylight_0.wav,Chill,151.99908088235293
Daylight_1.wav,Chill,112.34714673913044
Daylight_2.wav,Chill,112.34714673913044
Daylight_3.wav,Chill,112.34714673913044
Daylight_4.wav,Chill,112.34714673913044
Daylight_5.wav,Chill,151.99908088235293
Dennis Lloyd_0.wav,Chill,112.34714673913044
Dennis Lloyd_1.wav,Chill,112.34714673913044
Dennis Lloyd_2.wav,Chill,112.34714673913044
Dennis Lloyd_3.wav,Chill,112.34714673913044
Do No Harm_0.wav,Chill,129.19921875
Do No Harm_1.wav,Chill,99.38401442307692
Do No Harm_2.wav,Chill,129.19921875
Do No Harm_3.wav,Chill,112.34714673913044
Do No Harm_4.wav,Chill,123.046875
Do No Harm_5.wav,Chill,143.5546875
Dreamers change the world_0.wav,Chill,123.046875
Dreamers change the world_1.wav,Chill,123.046875
Dreamers change the world_2.wav,Chill,123.046875
Dreamers change the world_3.wav,Chill,123.046875
Dreamers change the world_4.wav,Chill,129.19921875
Dreamers change the world_5.wav,Chill,129.19921875
Dreamers change the world_6.wav,Chill,123.046875
Dreamers change the world_7.wav,Chill,172.265625
Dreamers change the world_8.wav,Chill,151.99908088235293
Easy Street_0.wav,Chill,184.5703125
Easy Street_1.wav,Chill,92.28515625
Easy Street_2.wav,Chill,92.28515625
Easy Street_3.wav,Chill,92.28515625
Easy Street_4.wav,Chill,92.28515625
Easy Street_5.wav,Chill,92.28515625
Easy Street_6.wav,Chill,184.5703125
Echoes of the Heart_0.wav,Chill,103.359375
Echoes of the Heart_1.wav,Chill,103.359375
Echoes of the Heart_2.wav,Chill,103.359375
Echoes of the Heart_3.wav,Chill,103.359375
Echoes of the Heart_4.wav,Chill,151.99908088235293
Echoes of the Heart_5.wav,Chill,103.359375
Echoes of the Heart_6.wav,Chill,103.359375
Evening In The City_0.wav,Chill,117.45383522727273
Evening In The City_1.wav,Chill,112.34714673913044
Evening In The City_2.wav,Chill,107.666015625
Every Day_0.wav,Chill,112.34714673913044
Every Day_1.wav,Chill,112.34714673913044
Every Day_2.wav,Chill,112.34714673913044
Faces_0.wav,Chill,67.99958881578948
Faces_1.wav,Chill,66.25600961538461
Faces_2.wav,Chill,89.10290948275862
Faces_3.wav,Chill,67.99958881578948
Faces_4.wav,Chill,67.99958881578948
First Wave_0.wav,Chill,117.45383522727273
First Wave_1.wav,Chill,117.45383522727273
First Wave_2.wav,Chill,117.45383522727273
First Wave_3.wav,Chill,117.45383522727273
First Wave_4.wav,Chill,117.45383522727273
First Wave_5.wav,Chill,117.45383522727273
First Wave_6.wav,Chill,117.45383522727273
First Wave_7.wav,Chill,117.45383522727273
First Wave_8.wav,Chill,117.45383522727273
Give Me the Night_0.wav,Chill,112.34714673913044
Give Me the Night_1.wav,Chill,112.34714673913044
Give Me the Night_2.wav,Chill,112.34714673913044
Give Me the Night_3.wav,Chill,112.34714673913044
Give Me the Night_4.wav,Chill,112.34714673913044
Give Me the Night_5.wav,Chill,112.34714673913044
Give Me the Night_6.wav,Chill,112.34714673913044
Give Me the Night_7.wav,Chill,112.34714673913044
Give Me the Night_8.wav,Chill,112.34714673913044
Good As I Wanted_0.wav,Chill,129.19921875
Good As I Wanted_1.wav,Chill,129.19921875
Good As I Wanted_2.wav,Chill,129.19921875
Good As I Wanted_3.wav,Chill,129.19921875
Good As I Wanted_4.wav,Chill,129.19921875
Good As I Wanted_5.wav,Chill,129.19921875
Good As I Wanted_6.wav,Chill,63.02400914634146
Good As I Wanted_7.wav,Chill,129.19921875
Good To Me_0.wav,Chill,99.38401442307692
Good To Me_1.wav,Chill,95.703125
Good To Me_10.wav,Chill,92.28515625
Good To Me_2.wav,Chill,99.38401442307692
Good To Me_3.wav,Chill,95.703125
Good To Me_4.wav,Chill,99.38401442307692
Good To Me_5.wav,Chill,95.703125
Good To Me_6.wav,Chill,95.703125
Good To Me_7.wav,Chill,95.703125
Good To Me_8.wav,Chill,99.38401442307692
Good To Me_9.wav,Chill,95.703125
Got That Feeling_0.wav,Chill,73.828125
Got That Feeling_1.wav,Chill,71.77734375
Got That Feeling_10.wav,Chill,67.99958881578948
Got That Feeling_2.wav,Chill,69.83741554054055
Got That Feeling_3.wav,Chill,69.83741554054055
Got That Feeling_4.wav,Chill,69.83741554054055
Got That Feeling_5.wav,Chill,69.83741554054055
Got That Feeling_6.wav,Chill,67.99958881578948
Got That Feeling_7.wav,Chill,67.99958881578948
Got That Feeling_8.wav,Chill,67.99958881578948
Got That Feeling_9.wav,Chill,67.99958881578948
Hard Feelings_0.wav,Chill,107.666015625
Hard Feelings_1.wav,Chill,107.666015625
Hard Feelings_2.wav,Chill,107.666015625
Hard Feelings_3.wav,Chill,112.34714673913044
Hard Feelings_4.wav,Chill,107.666015625
Hard Feelings_5.wav,Chill,75.99954044117646
He Loves Me_0.wav,Chill,258.3984375
He Loves Me_1.wav,Chill,172.265625
He Loves Me_2.wav,Chill,89.10290948275862
He Loves Me_3.wav,Chill,172.265625
He Loves Me_4.wav,Chill,117.45383522727273
He Loves Me_5.wav,Chill,184.5703125
Heart To Heart_0.wav,Chill,112.34714673913044
Heart To Heart_1.wav,Chill,86.1328125
Heart To Heart_2.wav,Chill,86.1328125
Heart To Heart_3.wav,Chill,86.1328125
Heart To Heart_4.wav,Chill,86.1328125
Heart To Heart_5.wav,Chill,86.1328125
Heart To Heart_6.wav,Chill,86.1328125
Heart To Heart_7.wav,Chill,86.1328125
Hopeful_0.wav,Chill,123.046875
Hopeful_1.wav,Chill,103.359375
Hopeful_2.wav,Chill,123.046875
In the Soft Light_0.wav,Chill,89.10290948275862
In the Soft Light_1.wav,Chill,151.99908088235293
In the Soft Light_2.wav,Chill,172.265625
In the Soft Light_3.wav,Chill,172.265625
In the Soft Light_4.wav,Chill,143.5546875
In the Soft Light_5.wav,Chill,135.99917763157896
Is This Love_0.wav,Chill,58.72691761363637
Is This Love_1.wav,Chill,69.83741554054055
Is This Love_2.wav,Chill,112.34714673913044
Is This Love_3.wav,Chill,117.45383522727273
Is This Love_4.wav,Chill,112.34714673913044
Is This Love_5.wav,Chill,112.34714673913044
Is This Love_6.wav,Chill,112.34714673913044
Let You Know_0.wav,Chill,135.99917763157896
Let You Know_1.wav,Chill,99.38401442307692
Let You Know_2.wav,Chill,99.38401442307692
Let You Know_3.wav,Chill,99.38401442307692
Let the Fire Catch_0.wav,Chill,117.45383522727273
Let the Fire Catch_1.wav,Chill,117.45383522727273
Let the Fire Catch_2.wav,Chill,117.45383522727273
Let the Fire Catch_3.wav,Chill,117.45383522727273
Let the Fire Catch_4.wav,Chill,117.45383522727273
Let the Fire Catch_5.wav,Chill,117.45383522727273
Like The River Flows_0.wav,Chill,66.25600961538461
Like The River Flows_1.wav,Chill,67.99958881578948
Like The River Flows_2.wav,Chill,71.77734375
Like The River Flows_3.wav,Chill,69.83741554054055
Love Song_0.wav,Chill,151.99908088235293
Love Song_1.wav,Chill,151.99908088235293
Love Song_2.wav,Chill,151.99908088235293
Love Song_3.wav,Chill,151.99908088235293
Love Song_4.wav,Chill,103.359375
Love Song_5.wav,Chill,151.99908088235293
Love Song_6.wav,Chill,151.99908088235293
Love Song_7.wav,Chill,151.99908088235293
Meditation_0.wav,Chill,129.19921875
Meditation_1.wav,Chill,64.599609375
Meditation_2.wav,Chill,61.5234375
Meditation_3.wav,Chill,129.19921875
Meditation_4.wav,Chill,64.599609375
Messed Up_0.wav,Chill,89.10290948275862
Messed Up_1.wav,Chill,135.99917763157896
Messed Up_2.wav,Chill,33.55823863636363
Messed Up_3.wav,Chill,86.1328125
Messed Up_4.wav,Chill,66.25600961538461
Messed Up_5.wav,Chill,95.703125
Morning Dew_0.wav,Chill,151.99908088235293
Morning Dew_1.wav,Chill,75.99954044117646
Morning Dew_2.wav,Chill,75.99954044117646
Morning Dew_3.wav,Chill,73.828125
Morning Dew_4.wav,Chill,73.828125
Morning Dew_5.wav,Chill,75.99954044117646
Morning Dew_6.wav,Chill,75.99954044117646
My City_0.wav,Chill,135.99917763157896
My City_1.wav,Chill,135.99917763157896
My City_2.wav,Chill,135.99917763157896
My City_3.wav,Chill,135.99917763157896
My City_4.wav,Chill,135.99917763157896
My City_5.wav,Chill,135.99917763157896
My Everything_0.wav,Chill,44.55145474137931
My Everything_1.wav,Chill,89.10290948275862
My Everything_2.wav,Chill,89.10290948275862
My Everything_3.wav,Chill,184.5703125
My Everything_4.wav,Chill,184.5703125
My Everything_5.wav,Chill,172.265625
My Everything_6.wav,Chill,89.10290948275862
Open_0.wav,Chill,123.046875
Open_1.wav,Chill,123.046875
Open_2.wav,Chill,123.046875
Open_3.wav,Chill,123.046875
Open_4.wav,Chill,123.046875
Open_5.wav,Chill,75.99954044117646
Open_6.wav,Chill,103.359375
Shine_0.wav,Chill,123.046875
Shine_1.wav,Chill,123.046875
Shine_2.wav,Chill,123.046875
Shine_3.wav,Chill,123.046875
Shine_4.wav,Chill,123.046875
Shine_5.wav,Chill,123.046875
Tomorrow_0.wav,Chill,172.265625
Tomorrow_1.wav,Chill,172.265625
Tomorrow_2.wav,Chill,172.265625
Tomorrow_3.wav,Chill,172.265625
Tomorrow_4.wav,Chill,86.1328125
Tomorrow_5.wav,Chill,172.265625
Tomorrow_6.wav,Chill,172.265625
You Know You Like It_0.wav,Chill,129.19921875
You Know You Like It_1.wav,Chill,129.19921875
You Know You Like It_2.wav,Chill,198.76802884615384
You Know You Like It_3.wav,Chill,129.19921875
You Know You Like It_4.wav,Chill,129.19921875
You Know You Like It_5.wav,Chill,198.76802884615384
You Know You Like It_6.wav,Chill,129.19921875
You Know You Like It_7.wav,Chill,99.38401442307692
